OBJECTID,PRECINCTID,NAME,COUNTY,LASTUPDATE,LASTEDITOR,PRECINCTID_1,NAME_1,TOWNSHIP,WINPARTY,TOTBALLOTS,CANDIDATE1,PARTY1,NUMVOTES1,PERCVOTE1,CANDIDATE2,PARTY2,NUMVOTES2,PERCVOTE2,CANDIDATE3,PARTY3,NUMVOTES3,PERCVOTE3
1,623,ALBAN,Fairfax,2014-10-17T08:37:06.648Z,stulad,623,ALBAN,Fairfax County,Terry R. McAuliffe (D),1125,Terry R. McAuliffe (D),Terry R. McAuliffe (D),630,0.56,Robert C. Sarvis (L),Robert C. Sarvis (L),54,0.048,"Ken T. Cuccinelli, II (R)","Ken T. Cuccinelli, II (R)",379,0.336889
2,626,SARATOGA,Fairfax,2014-10-17T08:37:06.648Z,stulad,626,SARATOGA,Fairfax County,Terry R. McAuliffe (D),1623,Terry R. McAuliffe (D),Terry R. McAuliffe (D),849,0.523105,Robert C. Sarvis (L),Robert C. Sarvis (L),75,0.046211,"Ken T. Cuccinelli, II (R)","Ken T. Cuccinelli, II (R)",579,0.356747
3,421,KINGSTOWNE,Fairfax,2014-10-17T08:37:06.648Z,stulad,421,KINGSTOWNE,Fairfax County,Terry R. McAuliffe (D),1449,Terry R. McAuliffe (D),Terry R. McAuliffe (D),832,0.574189,Robert C. Sarvis (L),Robert C. Sarvis (L),58,0.040028,"Ken T. Cuccinelli, II (R)","Ken T. Cuccinelli, II (R)",388,0.267771
4,426,GREENSPRING,Fairfax,2014-10-17T08:37:06.648Z,stulad,426,GREENSPRING,Fairfax County,Terry R. McAuliffe (D),1290,Terry R. McAuliffe (D),Terry R. McAuliffe (D),746,0.578295,Robert C. Sarvis (L),Robert C. Sarvis (L),47,0.036434,"Ken T. Cuccinelli, II (R)","Ken T. Cuccinelli, II (R)",438,0.339535
5,840,WEST SPRINGFIELD,Fairfax,2014-10-17T08:37:06.648Z,stulad,840,WEST SPRINGFIELD,Fairfax County,Terry R. McAuliffe (D),1583,Terry R. McAuliffe (D),Terry R. McAuliffe (D),760,0.480101,Robert C. Sarvis (L),Robert C. Sarvis (L),96,0.060644,"Ken T. Cuccinelli, II (R)","Ken T. Cuccinelli, II (R)",576,0.363866
6,825,CHERRY RUN,Fairfax,2014-10-17T08:37:06.648Z,stulad,825,CHERRY RUN,Fairfax County,Terry R. McAuliffe (D),1484,Terry R. McAuliffe (D),Terry R. McAuliffe (D),725,0.488544,Robert C. Sarvis (L),Robert C. Sarvis (L),71,0.047844,"Ken T. Cuccinelli, II (R)","Ken T. Cuccinelli, II (R)",554,0.373315
7,812,VALLEY,Fairfax,2014-10-17T08:37:06.648Z,stulad,812,VALLEY,Fairfax County,Terry R. McAuliffe (D),1413,Terry R. McAuliffe (D),Terry R. McAuliffe (D),664,0.469922,Robert C. Sarvis (L),Robert C. Sarvis (L),54,0.038217,"Ken T. Cuccinelli, II (R)","Ken T. Cuccinelli, II (R)",545,0.385704
8,417,GARFIELD,Fairfax,2014-10-17T08:37:06.648Z,stulad,417,GARFIELD,Fairfax County,Terry R. McAuliffe (D),1248,Terry R. McAuliffe (D),Terry R. McAuliffe (D),691,0.553686,Robert C. Sarvis (L),Robert C. Sarvis (L),43,0.034455,"Ken T. Cuccinelli, II (R)","Ken T. Cuccinelli, II (R)",415,0.332532
9,842,PARKWAY,Fairfax,2014-10-17T08:37:06.648Z,stulad,842,PARKWAY,Fairfax County,Terry R. McAuliffe (D),1242,Terry R. McAuliffe (D),Terry R. McAuliffe (D),560,0.450886,Robert C. Sarvis (L),Robert C. Sarvis (L),54,0.043478,"Ken T. Cuccinelli, II (R)","Ken T. Cuccinelli, II (R)",493,0.39694
10,130,TERRA CENTRE,Fairfax,2014-10-17T08:37:06.648Z,stulad,130,TERRA CENTRE,Fairfax County,Terry R. McAuliffe (D),1268,Terry R. McAuliffe (D),Terry R. McAuliffe (D),649,0.51183,Robert C. Sarvis (L),Robert C. Sarvis (L),53,0.041798,"Ken T. Cuccinelli, II (R)","Ken T. Cuccinelli, II (R)",442,0.34858
11,129,KEENE MILL,Fairfax,2014-10-17T08:37:06.648Z,stulad,129,KEENE MILL,Fairfax County,Terry R. McAuliffe (D),861,Terry R. McAuliffe (D),Terry R. McAuliffe (D),430,0.499419,Robert C. Sarvis (L),Robert C. Sarvis (L),37,0.042973,"Ken T. Cuccinelli, II (R)","Ken T. Cuccinelli, II (R)",300,0.348432
12,827,IRVING,Fairfax,2014-10-17T08:37:06.648Z,stulad,827,IRVING,Fairfax County,Terry R. McAuliffe (D),1446,Terry R. McAuliffe (D),Terry R. McAuliffe (D),686,0.474412,Robert C. Sarvis (L),Robert C. Sarvis (L),80,0.055325,"Ken T. Cuccinelli, II (R)","Ken T. Cuccinelli, II (R)",490,0.338866
13,833,WHITE OAKS,Fairfax,2014-10-17T08:37:06.648Z,stulad,833,WHITE OAKS,Fairfax County,Terry R. McAuliffe (D),1370,Terry R. McAuliffe (D),Terry R. McAuliffe (D),717,0.523358,Robert C. Sarvis (L),Robert C. Sarvis (L),76,0.055474,"Ken T. Cuccinelli, II (R)","Ken T. Cuccinelli, II (R)",451,0.329197
14,415,CRESTWOOD,Fairfax,2014-10-17T08:37:06.648Z,stulad,415,CRESTWOOD,Fairfax County,Terry R. McAuliffe (D),1037,Terry R. McAuliffe (D),Terry R. McAuliffe (D),545,0.525554,Robert C. Sarvis (L),Robert C. Sarvis (L),55,0.053038,"Ken T. Cuccinelli, II (R)","Ken T. Cuccinelli, II (R)",371,0.357763
15,128,CARDINAL,Fairfax,2014-10-17T08:37:06.648Z,stulad,128,CARDINAL,Fairfax County,Terry R. McAuliffe (D),1114,Terry R. McAuliffe (D),Terry R. McAuliffe (D),552,0.495512,Robert C. Sarvis (L),Robert C. Sarvis (L),48,0.043088,"Ken T. Cuccinelli, II (R)","Ken T. Cuccinelli, II (R)",407,0.36535
16,801,BURKE,Fairfax,2014-10-17T08:37:06.648Z,stulad,801,BURKE,Fairfax County,Terry R. McAuliffe (D),1989,Terry R. McAuliffe (D),Terry R. McAuliffe (D),1060,0.532931,Robert C. Sarvis (L),Robert C. Sarvis (L),96,0.048265,"Ken T. Cuccinelli, II (R)","Ken T. Cuccinelli, II (R)",627,0.315234
17,127,BURKE CENTRE,Fairfax,2014-10-17T08:37:06.648Z,stulad,127,BURKE CENTRE,Fairfax County,Terry R. McAuliffe (D),1938,Terry R. McAuliffe (D),Terry R. McAuliffe (D),975,0.503096,Robert C. Sarvis (L),Robert C. Sarvis (L),93,0.047988,"Ken T. Cuccinelli, II (R)","Ken T. Cuccinelli, II (R)",677,0.349329
18,105,FAIRVIEW,Fairfax,2014-10-17T08:37:06.648Z,stulad,105,FAIRVIEW,Fairfax County,Terry R. McAuliffe (D),2323,Terry R. McAuliffe (D),Terry R. McAuliffe (D),1170,0.503659,Robert C. Sarvis (L),Robert C. Sarvis (L),87,0.037452,"Ken T. Cuccinelli, II (R)","Ken T. Cuccinelli, II (R)",860,0.370211
19,401,BUSH HILL,Fairfax,2014-10-17T08:37:06.648Z,stulad,401,BUSH HILL,Fairfax County,Terry R. McAuliffe (D),1553,Terry R. McAuliffe (D),Terry R. McAuliffe (D),805,0.518352,Robert C. Sarvis (L),Robert C. Sarvis (L),81,0.052157,"Ken T. Cuccinelli, II (R)","Ken T. Cuccinelli, II (R)",554,0.356729
20,402,CAMERON,Fairfax,2014-10-17T08:37:06.648Z,stulad,402,CAMERON,Fairfax County,Terry R. McAuliffe (D),506,Terry R. McAuliffe (D),Terry R. McAuliffe (D),284,0.561265,Robert C. Sarvis (L),Robert C. Sarvis (L),19,0.037549,"Ken T. Cuccinelli, II (R)","Ken T. Cuccinelli, II (R)",166,0.328063
21,125,SIGNAL HILL,Fairfax,2014-10-17T08:37:06.648Z,stulad,125,SIGNAL HILL,Fairfax County,Terry R. McAuliffe (D),1767,Terry R. McAuliffe (D),Terry R. McAuliffe (D),880,0.498019,Robert C. Sarvis (L),Robert C. Sarvis (L),94,0.053198,"Ken T. Cuccinelli, II (R)","Ken T. Cuccinelli, II (R)",588,0.332767
22,119,LAUREL,Fairfax,2014-10-17T08:37:06.648Z,stulad,119,LAUREL,Fairfax County,Terry R. McAuliffe (D),2123,Terry R. McAuliffe (D),Terry R. McAuliffe (D),1045,0.492228,Robert C. Sarvis (L),Robert C. Sarvis (L),107,0.0504,"Ken T. Cuccinelli, II (R)","Ken T. Cuccinelli, II (R)",786,0.370231
23,526,BREN MAR,Fairfax,2014-10-17T08:37:06.648Z,stulad,526,BREN MAR,Fairfax County,Terry R. McAuliffe (D),1347,Terry R. McAuliffe (D),Terry R. McAuliffe (D),858,0.636971,Robert C. Sarvis (L),Robert C. Sarvis (L),51,0.037862,"Ken T. Cuccinelli, II (R)","Ken T. Cuccinelli, II (R)",303,0.224944
24,123,ROBINSON,Fairfax,2014-10-17T08:37:06.648Z,stulad,123,ROBINSON,Fairfax County,Terry R. McAuliffe (D),2066,Terry R. McAuliffe (D),Terry R. McAuliffe (D),1002,0.484995,Robert C. Sarvis (L),Robert C. Sarvis (L),87,0.04211,"Ken T. Cuccinelli, II (R)","Ken T. Cuccinelli, II (R)",735,0.35576
25,521,BROOK HILL,Fairfax,2014-10-17T08:37:06.648Z,stulad,521,BROOK HILL,Fairfax County,Terry R. McAuliffe (D),905,Terry R. McAuliffe (D),Terry R. McAuliffe (D),467,0.516022,Robert C. Sarvis (L),Robert C. Sarvis (L),34,0.037569,"Ken T. Cuccinelli, II (R)","Ken T. Cuccinelli, II (R)",331,0.365746
26,504,BRISTOW,Fairfax,2014-10-17T08:37:06.648Z,stulad,504,BRISTOW,Fairfax County,Terry R. McAuliffe (D),894,Terry R. McAuliffe (D),Terry R. McAuliffe (D),556,0.621924,Robert C. Sarvis (L),Robert C. Sarvis (L),27,0.030201,"Ken T. Cuccinelli, II (R)","Ken T. Cuccinelli, II (R)",267,0.298658
27,106,HERITAGE,Fairfax,2014-10-17T08:37:06.648Z,stulad,106,HERITAGE,Fairfax County,Terry R. McAuliffe (D),1236,Terry R. McAuliffe (D),Terry R. McAuliffe (D),810,0.65534,Robert C. Sarvis (L),Robert C. Sarvis (L),66,0.053398,"Ken T. Cuccinelli, II (R)","Ken T. Cuccinelli, II (R)",302,0.244337
28,104,CHAPEL,Fairfax,2014-10-17T08:37:06.648Z,stulad,104,CHAPEL,Fairfax County,Terry R. McAuliffe (D),1369,Terry R. McAuliffe (D),Terry R. McAuliffe (D),684,0.499635,Robert C. Sarvis (L),Robert C. Sarvis (L),68,0.049671,"Ken T. Cuccinelli, II (R)","Ken T. Cuccinelli, II (R)",504,0.368152
29,116,WAKEFIELD,Fairfax,2014-10-17T08:37:06.648Z,stulad,116,WAKEFIELD,Fairfax County,Terry R. McAuliffe (D),1377,Terry R. McAuliffe (D),Terry R. McAuliffe (D),733,0.532317,Robert C. Sarvis (L),Robert C. Sarvis (L),70,0.050835,"Ken T. Cuccinelli, II (R)","Ken T. Cuccinelli, II (R)",427,0.310094
30,518,COLUMBIA,Fairfax,2014-10-17T08:37:06.648Z,stulad,518,COLUMBIA,Fairfax County,Terry R. McAuliffe (D),1163,Terry R. McAuliffe (D),Terry R. McAuliffe (D),634,0.545142,Robert C. Sarvis (L),Robert C. Sarvis (L),51,0.043852,"Ken T. Cuccinelli, II (R)","Ken T. Cuccinelli, II (R)",371,0.319003
31,528,RIDGELEA,Fairfax,2014-10-17T08:37:06.648Z,stulad,528,RIDGELEA,Fairfax County,Terry R. McAuliffe (D),688,Terry R. McAuliffe (D),Terry R. McAuliffe (D),345,0.501453,Robert C. Sarvis (L),Robert C. Sarvis (L),44,0.063953,"Ken T. Cuccinelli, II (R)","Ken T. Cuccinelli, II (R)",225,0.327035
32,503,BELVEDERE,Fairfax,2014-10-17T08:37:06.648Z,stulad,503,BELVEDERE,Fairfax County,Terry R. McAuliffe (D),947,Terry R. McAuliffe (D),Terry R. McAuliffe (D),574,0.606125,Robert C. Sarvis (L),Robert C. Sarvis (L),46,0.048574,"Ken T. Cuccinelli, II (R)","Ken T. Cuccinelli, II (R)",222,0.234424
33,923,BULL RUN,Fairfax,2014-10-17T08:37:06.648Z,stulad,923,BULL RUN,Fairfax County,"Ken T. Cuccinelli, II (R)",1137,Terry R. McAuliffe (D),Terry R. McAuliffe (D),366,0.3219,Robert C. Sarvis (L),Robert C. Sarvis (L),60,0.05277,"Ken T. Cuccinelli, II (R)","Ken T. Cuccinelli, II (R)",582,0.511873
34,928,POPLAR TREE,Fairfax,2014-10-17T08:37:06.648Z,stulad,928,POPLAR TREE,Fairfax County,Terry R. McAuliffe (D),1348,Terry R. McAuliffe (D),Terry R. McAuliffe (D),594,0.440653,Robert C. Sarvis (L),Robert C. Sarvis (L),53,0.039318,"Ken T. Cuccinelli, II (R)","Ken T. Cuccinelli, II (R)",577,0.428042
35,515,WESTLAWN,Fairfax,2014-10-17T08:37:06.648Z,stulad,515,WESTLAWN,Fairfax County,Terry R. McAuliffe (D),693,Terry R. McAuliffe (D),Terry R. McAuliffe (D),434,0.626263,Robert C. Sarvis (L),Robert C. Sarvis (L),26,0.037518,"Ken T. Cuccinelli, II (R)","Ken T. Cuccinelli, II (R)",203,0.292929
36,705,GRAHAM-GREENWAY,Fairfax,2014-10-17T08:37:06.648Z,stulad,705,GRAHAM-GREENWAY,Fairfax County,Terry R. McAuliffe (D),1583,Terry R. McAuliffe (D),Terry R. McAuliffe (D),982,0.620341,Robert C. Sarvis (L),Robert C. Sarvis (L),82,0.0518,"Ken T. Cuccinelli, II (R)","Ken T. Cuccinelli, II (R)",397,0.25079
37,903,CUB RUN,Fairfax,2014-10-17T08:37:06.648Z,stulad,903,CUB RUN,Fairfax County,Terry R. McAuliffe (D),1801,Terry R. McAuliffe (D),Terry R. McAuliffe (D),849,0.471405,Robert C. Sarvis (L),Robert C. Sarvis (L),95,0.052748,"Ken T. Cuccinelli, II (R)","Ken T. Cuccinelli, II (R)",703,0.390339
38,846,GREENBRIAR EAST,Fairfax,2014-10-17T08:37:06.648Z,stulad,846,GREENBRIAR EAST,Fairfax County,Terry R. McAuliffe (D),1324,Terry R. McAuliffe (D),Terry R. McAuliffe (D),668,0.504532,Robert C. Sarvis (L),Robert C. Sarvis (L),68,0.05136,"Ken T. Cuccinelli, II (R)","Ken T. Cuccinelli, II (R)",472,0.356495
39,913,ROCKY RUN,Fairfax,2014-10-17T08:37:06.648Z,stulad,913,ROCKY RUN,Fairfax County,Terry R. McAuliffe (D),2013,Terry R. McAuliffe (D),Terry R. McAuliffe (D),909,0.451565,Robert C. Sarvis (L),Robert C. Sarvis (L),84,0.041729,"Ken T. Cuccinelli, II (R)","Ken T. Cuccinelli, II (R)",830,0.41232
40,847,GREENBRIAR WEST,Fairfax,2014-10-17T08:37:06.648Z,stulad,847,GREENBRIAR WEST,Fairfax County,Terry R. McAuliffe (D),1087,Terry R. McAuliffe (D),Terry R. McAuliffe (D),494,0.454462,Robert C. Sarvis (L),Robert C. Sarvis (L),58,0.053358,"Ken T. Cuccinelli, II (R)","Ken T. Cuccinelli, II (R)",445,0.409384
41,915,VIRGINIA RUN,Fairfax,2014-10-17T08:37:06.648Z,stulad,915,VIRGINIA RUN,Fairfax County,"Ken T. Cuccinelli, II (R)",1479,Terry R. McAuliffe (D),Terry R. McAuliffe (D),504,0.340771,Robert C. Sarvis (L),Robert C. Sarvis (L),80,0.054091,"Ken T. Cuccinelli, II (R)","Ken T. Cuccinelli, II (R)",716,0.484111
42,720,THOREAU,Fairfax,2014-10-17T08:37:06.648Z,stulad,720,THOREAU,Fairfax County,Terry R. McAuliffe (D),1020,Terry R. McAuliffe (D),Terry R. McAuliffe (D),522,0.511765,Robert C. Sarvis (L),Robert C. Sarvis (L),65,0.063725,"Ken T. Cuccinelli, II (R)","Ken T. Cuccinelli, II (R)",331,0.32451
43,904,STONECROFT,Fairfax,2014-10-17T08:37:06.648Z,stulad,904,STONECROFT,Fairfax County,"Ken T. Cuccinelli, II (R)",730,Terry R. McAuliffe (D),Terry R. McAuliffe (D),296,0.405479,Robert C. Sarvis (L),Robert C. Sarvis (L),42,0.057534,"Ken T. Cuccinelli, II (R)","Ken T. Cuccinelli, II (R)",340,0.465753
44,730,PENDERBROOK,Fairfax,2014-10-17T08:37:06.648Z,stulad,730,PENDERBROOK,Fairfax County,Terry R. McAuliffe (D),1366,Terry R. McAuliffe (D),Terry R. McAuliffe (D),706,0.516837,Robert C. Sarvis (L),Robert C. Sarvis (L),48,0.035139,"Ken T. Cuccinelli, II (R)","Ken T. Cuccinelli, II (R)",494,0.36164
45,317,WESTHAMPTON,Fairfax,2014-10-17T08:37:06.648Z,stulad,317,WESTHAMPTON,Fairfax County,Terry R. McAuliffe (D),1215,Terry R. McAuliffe (D),Terry R. McAuliffe (D),648,0.533333,Robert C. Sarvis (L),Robert C. Sarvis (L),73,0.060082,"Ken T. Cuccinelli, II (R)","Ken T. Cuccinelli, II (R)",349,0.287243
46,307,HAYCOCK,Fairfax,2014-10-17T08:37:06.648Z,stulad,307,HAYCOCK,Fairfax County,Terry R. McAuliffe (D),1439,Terry R. McAuliffe (D),Terry R. McAuliffe (D),736,0.511466,Robert C. Sarvis (L),Robert C. Sarvis (L),65,0.04517,"Ken T. Cuccinelli, II (R)","Ken T. Cuccinelli, II (R)",437,0.303683
47,312,LONGFELLOW,Fairfax,2014-10-17T08:37:06.648Z,stulad,312,LONGFELLOW,Fairfax County,Terry R. McAuliffe (D),1392,Terry R. McAuliffe (D),Terry R. McAuliffe (D),705,0.506466,Robert C. Sarvis (L),Robert C. Sarvis (L),83,0.059626,"Ken T. Cuccinelli, II (R)","Ken T. Cuccinelli, II (R)",390,0.280172
48,714,WALKER,Fairfax,2014-10-17T08:37:06.648Z,stulad,714,WALKER,Fairfax County,Terry R. McAuliffe (D),1415,Terry R. McAuliffe (D),Terry R. McAuliffe (D),805,0.568905,Robert C. Sarvis (L),Robert C. Sarvis (L),64,0.04523,"Ken T. Cuccinelli, II (R)","Ken T. Cuccinelli, II (R)",426,0.30106
49,315,PIMMIT,Fairfax,2014-10-17T08:37:06.648Z,stulad,315,PIMMIT,Fairfax County,Terry R. McAuliffe (D),1297,Terry R. McAuliffe (D),Terry R. McAuliffe (D),749,0.577487,Robert C. Sarvis (L),Robert C. Sarvis (L),78,0.060139,"Ken T. Cuccinelli, II (R)","Ken T. Cuccinelli, II (R)",384,0.296068
50,310,KIRBY,Fairfax,2014-10-17T08:37:06.648Z,stulad,310,KIRBY,Fairfax County,Terry R. McAuliffe (D),1147,Terry R. McAuliffe (D),Terry R. McAuliffe (D),574,0.500436,Robert C. Sarvis (L),Robert C. Sarvis (L),50,0.043592,"Ken T. Cuccinelli, II (R)","Ken T. Cuccinelli, II (R)",319,0.278117
51,305,EL NIDO,Fairfax,2014-10-17T08:37:06.648Z,stulad,305,EL NIDO,Fairfax County,Terry R. McAuliffe (D),1337,Terry R. McAuliffe (D),Terry R. McAuliffe (D),678,0.507105,Robert C. Sarvis (L),Robert C. Sarvis (L),60,0.044877,"Ken T. Cuccinelli, II (R)","Ken T. Cuccinelli, II (R)",350,0.26178
52,318,WESTMORELAND,Fairfax,2014-10-17T08:37:06.648Z,stulad,318,WESTMORELAND,Fairfax County,Terry R. McAuliffe (D),813,Terry R. McAuliffe (D),Terry R. McAuliffe (D),442,0.543665,Robert C. Sarvis (L),Robert C. Sarvis (L),30,0.0369,"Ken T. Cuccinelli, II (R)","Ken T. Cuccinelli, II (R)",224,0.275523
53,302,CHESTERBROOK,Fairfax,2014-10-17T08:37:06.648Z,stulad,302,CHESTERBROOK,Fairfax County,Terry R. McAuliffe (D),1557,Terry R. McAuliffe (D),Terry R. McAuliffe (D),719,0.461785,Robert C. Sarvis (L),Robert C. Sarvis (L),74,0.047527,"Ken T. Cuccinelli, II (R)","Ken T. Cuccinelli, II (R)",475,0.305074
54,301,CHAIN BRIDGE,Fairfax,2014-10-17T08:37:06.648Z,stulad,301,CHAIN BRIDGE,Fairfax County,Terry R. McAuliffe (D),1851,Terry R. McAuliffe (D),Terry R. McAuliffe (D),767,0.414371,Robert C. Sarvis (L),Robert C. Sarvis (L),74,0.039978,"Ken T. Cuccinelli, II (R)","Ken T. Cuccinelli, II (R)",551,0.297677
55,323,SHOUSE,Fairfax,2014-10-17T08:37:06.648Z,stulad,323,SHOUSE,Fairfax County,Terry R. McAuliffe (D),1219,Terry R. McAuliffe (D),Terry R. McAuliffe (D),604,0.495488,Robert C. Sarvis (L),Robert C. Sarvis (L),61,0.050041,"Ken T. Cuccinelli, II (R)","Ken T. Cuccinelli, II (R)",420,0.344545
56,240,COLVIN,Fairfax,2014-10-17T08:37:06.648Z,stulad,240,COLVIN,Fairfax County,"Ken T. Cuccinelli, II (R)",1271,Terry R. McAuliffe (D),Terry R. McAuliffe (D),517,0.406766,Robert C. Sarvis (L),Robert C. Sarvis (L),68,0.053501,"Ken T. Cuccinelli, II (R)","Ken T. Cuccinelli, II (R)",521,0.409913
57,322,FORESTVILLE,Fairfax,2014-10-17T08:37:06.648Z,stulad,322,FORESTVILLE,Fairfax County,"Ken T. Cuccinelli, II (R)",1640,Terry R. McAuliffe (D),Terry R. McAuliffe (D),644,0.392683,Robert C. Sarvis (L),Robert C. Sarvis (L),80,0.04878,"Ken T. Cuccinelli, II (R)","Ken T. Cuccinelli, II (R)",723,0.440854
58,419,LANE,Fairfax,2014-10-17T08:37:06.648Z,stulad,419,LANE,Fairfax County,Terry R. McAuliffe (D),1397,Terry R. McAuliffe (D),Terry R. McAuliffe (D),883,0.632069,Robert C. Sarvis (L),Robert C. Sarvis (L),47,0.033644,"Ken T. Cuccinelli, II (R)","Ken T. Cuccinelli, II (R)",351,0.251253
59,710,PINE SPRING,Fairfax,2014-10-17T08:37:06.648Z,stulad,710,PINE SPRING,Fairfax County,Terry R. McAuliffe (D),1038,Terry R. McAuliffe (D),Terry R. McAuliffe (D),665,0.640655,Robert C. Sarvis (L),Robert C. Sarvis (L),60,0.057803,"Ken T. Cuccinelli, II (R)","Ken T. Cuccinelli, II (R)",250,0.240848
60,221,HUNTERS WOODS,Fairfax,2014-10-17T08:37:06.648Z,stulad,221,HUNTERS WOODS,Fairfax County,Terry R. McAuliffe (D),1648,Terry R. McAuliffe (D),Terry R. McAuliffe (D),891,0.540655,Robert C. Sarvis (L),Robert C. Sarvis (L),73,0.044296,"Ken T. Cuccinelli, II (R)","Ken T. Cuccinelli, II (R)",440,0.26699
61,219,WESTBRIAR,Fairfax,2014-10-17T08:37:06.648Z,stulad,219,WESTBRIAR,Fairfax County,Terry R. McAuliffe (D),1775,Terry R. McAuliffe (D),Terry R. McAuliffe (D),930,0.523944,Robert C. Sarvis (L),Robert C. Sarvis (L),84,0.047324,"Ken T. Cuccinelli, II (R)","Ken T. Cuccinelli, II (R)",579,0.326197
62,120,SIDEBURN,Fairfax,2014-10-17T08:37:06.648Z,stulad,120,SIDEBURN,Fairfax County,"Ken T. Cuccinelli, II (R)",1888,Terry R. McAuliffe (D),Terry R. McAuliffe (D),803,0.425318,Robert C. Sarvis (L),Robert C. Sarvis (L),90,0.047669,"Ken T. Cuccinelli, II (R)","Ken T. Cuccinelli, II (R)",822,0.435381
63,522,CAMELOT,Fairfax,2014-10-17T08:37:06.648Z,stulad,522,CAMELOT,Fairfax County,Terry R. McAuliffe (D),870,Terry R. McAuliffe (D),Terry R. McAuliffe (D),432,0.496552,Robert C. Sarvis (L),Robert C. Sarvis (L),36,0.041379,"Ken T. Cuccinelli, II (R)","Ken T. Cuccinelli, II (R)",336,0.386207
64,223,GLADE,Fairfax,2014-10-17T08:37:06.648Z,stulad,223,GLADE,Fairfax County,Terry R. McAuliffe (D),1967,Terry R. McAuliffe (D),Terry R. McAuliffe (D),1261,0.641078,Robert C. Sarvis (L),Robert C. Sarvis (L),104,0.052872,"Ken T. Cuccinelli, II (R)","Ken T. Cuccinelli, II (R)",420,0.213523
65,409,PIONEER,Fairfax,2014-10-17T08:37:06.648Z,stulad,409,PIONEER,Fairfax County,Terry R. McAuliffe (D),1837,Terry R. McAuliffe (D),Terry R. McAuliffe (D),1110,0.604246,Robert C. Sarvis (L),Robert C. Sarvis (L),84,0.045727,"Ken T. Cuccinelli, II (R)","Ken T. Cuccinelli, II (R)",508,0.276538
66,519,HUMMER,Fairfax,2014-10-17T08:37:06.648Z,stulad,519,HUMMER,Fairfax County,Terry R. McAuliffe (D),810,Terry R. McAuliffe (D),Terry R. McAuliffe (D),459,0.566667,Robert C. Sarvis (L),Robert C. Sarvis (L),26,0.032099,"Ken T. Cuccinelli, II (R)","Ken T. Cuccinelli, II (R)",260,0.320988
67,625,LORTON CENTER,Fairfax,2014-10-17T08:37:06.648Z,stulad,625,LORTON CENTER,Fairfax County,Terry R. McAuliffe (D),867,Terry R. McAuliffe (D),Terry R. McAuliffe (D),464,0.535179,Robert C. Sarvis (L),Robert C. Sarvis (L),23,0.026528,"Ken T. Cuccinelli, II (R)","Ken T. Cuccinelli, II (R)",299,0.344867
68,510,PARKLAWN,Fairfax,2014-10-17T08:37:06.648Z,stulad,510,PARKLAWN,Fairfax County,Terry R. McAuliffe (D),1006,Terry R. McAuliffe (D),Terry R. McAuliffe (D),555,0.55169,Robert C. Sarvis (L),Robert C. Sarvis (L),43,0.042744,"Ken T. Cuccinelli, II (R)","Ken T. Cuccinelli, II (R)",309,0.307157
69,845,FOUNTAINHEAD,Fairfax,2014-10-17T08:37:06.648Z,stulad,845,FOUNTAINHEAD,Fairfax County,"Ken T. Cuccinelli, II (R)",2030,Terry R. McAuliffe (D),Terry R. McAuliffe (D),763,0.375862,Robert C. Sarvis (L),Robert C. Sarvis (L),87,0.042857,"Ken T. Cuccinelli, II (R)","Ken T. Cuccinelli, II (R)",943,0.464532
70,838,SANGSTER,Fairfax,2014-10-17T08:37:06.648Z,stulad,838,SANGSTER,Fairfax County,Terry R. McAuliffe (D),1284,Terry R. McAuliffe (D),Terry R. McAuliffe (D),552,0.429907,Robert C. Sarvis (L),Robert C. Sarvis (L),68,0.05296,"Ken T. Cuccinelli, II (R)","Ken T. Cuccinelli, II (R)",527,0.410436
71,126,BONNIE BRAE,Fairfax,2014-10-17T08:37:06.648Z,stulad,126,BONNIE BRAE,Fairfax County,Terry R. McAuliffe (D),1099,Terry R. McAuliffe (D),Terry R. McAuliffe (D),593,0.539581,Robert C. Sarvis (L),Robert C. Sarvis (L),59,0.053685,"Ken T. Cuccinelli, II (R)","Ken T. Cuccinelli, II (R)",366,0.33303
72,726,MAGARITY,Fairfax,2014-10-17T08:37:06.648Z,stulad,726,MAGARITY,Fairfax County,Terry R. McAuliffe (D),1360,Terry R. McAuliffe (D),Terry R. McAuliffe (D),770,0.566176,Robert C. Sarvis (L),Robert C. Sarvis (L),69,0.050735,"Ken T. Cuccinelli, II (R)","Ken T. Cuccinelli, II (R)",382,0.280882
73,901,CENTRE RIDGE,Fairfax,2014-10-17T08:37:06.648Z,stulad,901,CENTRE RIDGE,Fairfax County,Terry R. McAuliffe (D),1430,Terry R. McAuliffe (D),Terry R. McAuliffe (D),779,0.544755,Robert C. Sarvis (L),Robert C. Sarvis (L),73,0.051049,"Ken T. Cuccinelli, II (R)","Ken T. Cuccinelli, II (R)",500,0.34965
74,424,HUNTLEY,Fairfax,2014-10-17T08:37:06.648Z,stulad,424,HUNTLEY,Fairfax County,Terry R. McAuliffe (D),1351,Terry R. McAuliffe (D),Terry R. McAuliffe (D),786,0.581791,Robert C. Sarvis (L),Robert C. Sarvis (L),63,0.046632,"Ken T. Cuccinelli, II (R)","Ken T. Cuccinelli, II (R)",409,0.302739
75,523,POE,Fairfax,2014-10-17T08:37:06.648Z,stulad,523,POE,Fairfax County,Terry R. McAuliffe (D),1196,Terry R. McAuliffe (D),Terry R. McAuliffe (D),651,0.544314,Robert C. Sarvis (L),Robert C. Sarvis (L),52,0.043478,"Ken T. Cuccinelli, II (R)","Ken T. Cuccinelli, II (R)",381,0.318562
76,707,MANTUA,Fairfax,2014-10-17T08:37:06.648Z,stulad,707,MANTUA,Fairfax County,Terry R. McAuliffe (D),1301,Terry R. McAuliffe (D),Terry R. McAuliffe (D),669,0.51422,Robert C. Sarvis (L),Robert C. Sarvis (L),60,0.046118,"Ken T. Cuccinelli, II (R)","Ken T. Cuccinelli, II (R)",363,0.279016
77,918,CENTREVILLE,Fairfax,2014-10-17T08:37:06.648Z,stulad,918,CENTREVILLE,Fairfax County,Terry R. McAuliffe (D),1518,Terry R. McAuliffe (D),Terry R. McAuliffe (D),802,0.528327,Robert C. Sarvis (L),Robert C. Sarvis (L),75,0.049407,"Ken T. Cuccinelli, II (R)","Ken T. Cuccinelli, II (R)",558,0.367589
78,708,MARSHALL,Fairfax,2014-10-17T08:37:06.648Z,stulad,708,MARSHALL,Fairfax County,Terry R. McAuliffe (D),1983,Terry R. McAuliffe (D),Terry R. McAuliffe (D),1162,0.585981,Robert C. Sarvis (L),Robert C. Sarvis (L),104,0.052446,"Ken T. Cuccinelli, II (R)","Ken T. Cuccinelli, II (R)",492,0.248109
79,216,VIENNA #4,Fairfax,2014-10-17T08:37:06.648Z,stulad,216,VIENNA #4,Fairfax County,Terry R. McAuliffe (D),757,Terry R. McAuliffe (D),Terry R. McAuliffe (D),435,0.574637,Robert C. Sarvis (L),Robert C. Sarvis (L),45,0.059445,"Ken T. Cuccinelli, II (R)","Ken T. Cuccinelli, II (R)",218,0.287979
80,517,WILLSTON,Fairfax,2014-10-17T08:37:06.648Z,stulad,517,WILLSTON,Fairfax County,Terry R. McAuliffe (D),671,Terry R. McAuliffe (D),Terry R. McAuliffe (D),414,0.61699,Robert C. Sarvis (L),Robert C. Sarvis (L),29,0.043219,"Ken T. Cuccinelli, II (R)","Ken T. Cuccinelli, II (R)",166,0.247392
81,227,SUNRISE VALLEY,Fairfax,2014-10-17T08:37:06.648Z,stulad,227,SUNRISE VALLEY,Fairfax County,Terry R. McAuliffe (D),1013,Terry R. McAuliffe (D),Terry R. McAuliffe (D),530,0.523198,Robert C. Sarvis (L),Robert C. Sarvis (L),59,0.058243,"Ken T. Cuccinelli, II (R)","Ken T. Cuccinelli, II (R)",325,0.320829
82,733,KILMER,Fairfax,2014-10-17T08:37:06.648Z,stulad,733,KILMER,Fairfax County,Terry R. McAuliffe (D),1736,Terry R. McAuliffe (D),Terry R. McAuliffe (D),997,0.574309,Robert C. Sarvis (L),Robert C. Sarvis (L),72,0.041475,"Ken T. Cuccinelli, II (R)","Ken T. Cuccinelli, II (R)",480,0.276498
83,925,OLD MILL,Fairfax,2014-10-17T08:37:06.648Z,stulad,925,OLD MILL,Fairfax County,Terry R. McAuliffe (D),778,Terry R. McAuliffe (D),Terry R. McAuliffe (D),411,0.528278,Robert C. Sarvis (L),Robert C. Sarvis (L),28,0.03599,"Ken T. Cuccinelli, II (R)","Ken T. Cuccinelli, II (R)",295,0.379177
84,418,LYNBROOK,Fairfax,2014-10-17T08:37:06.648Z,stulad,418,LYNBROOK,Fairfax County,Terry R. McAuliffe (D),722,Terry R. McAuliffe (D),Terry R. McAuliffe (D),399,0.552632,Robert C. Sarvis (L),Robert C. Sarvis (L),37,0.051247,"Ken T. Cuccinelli, II (R)","Ken T. Cuccinelli, II (R)",241,0.333795
85,713,TIMBER LANE,Fairfax,2014-10-17T08:37:06.648Z,stulad,713,TIMBER LANE,Fairfax County,Terry R. McAuliffe (D),1295,Terry R. McAuliffe (D),Terry R. McAuliffe (D),840,0.648649,Robert C. Sarvis (L),Robert C. Sarvis (L),51,0.039382,"Ken T. Cuccinelli, II (R)","Ken T. Cuccinelli, II (R)",321,0.247876
86,615,WOODLEY,Fairfax,2014-10-17T08:37:06.648Z,stulad,615,WOODLEY,Fairfax County,Terry R. McAuliffe (D),1303,Terry R. McAuliffe (D),Terry R. McAuliffe (D),657,0.504221,Robert C. Sarvis (L),Robert C. Sarvis (L),64,0.049117,"Ken T. Cuccinelli, II (R)","Ken T. Cuccinelli, II (R)",485,0.372218
87,824,ORANGE,Fairfax,2014-10-17T08:37:06.648Z,stulad,824,ORANGE,Fairfax County,Terry R. McAuliffe (D),2191,Terry R. McAuliffe (D),Terry R. McAuliffe (D),958,0.437243,Robert C. Sarvis (L),Robert C. Sarvis (L),129,0.058877,"Ken T. Cuccinelli, II (R)","Ken T. Cuccinelli, II (R)",905,0.413053
88,711,PRICE,Fairfax,2014-10-17T08:37:06.648Z,stulad,711,PRICE,Fairfax County,Terry R. McAuliffe (D),1049,Terry R. McAuliffe (D),Terry R. McAuliffe (D),580,0.552908,Robert C. Sarvis (L),Robert C. Sarvis (L),57,0.054337,"Ken T. Cuccinelli, II (R)","Ken T. Cuccinelli, II (R)",315,0.300286
89,612,WAYNEWOOD,Fairfax,2014-10-17T08:37:06.648Z,stulad,612,WAYNEWOOD,Fairfax County,Terry R. McAuliffe (D),877,Terry R. McAuliffe (D),Terry R. McAuliffe (D),401,0.457241,Robert C. Sarvis (L),Robert C. Sarvis (L),52,0.059293,"Ken T. Cuccinelli, II (R)","Ken T. Cuccinelli, II (R)",349,0.397948
90,507,LINCOLNIA,Fairfax,2014-10-17T08:37:06.648Z,stulad,507,LINCOLNIA,Fairfax County,Terry R. McAuliffe (D),1297,Terry R. McAuliffe (D),Terry R. McAuliffe (D),789,0.608327,Robert C. Sarvis (L),Robert C. Sarvis (L),62,0.047803,"Ken T. Cuccinelli, II (R)","Ken T. Cuccinelli, II (R)",286,0.220509
91,911,NAVY,Fairfax,2014-10-17T08:37:06.648Z,stulad,911,NAVY,Fairfax County,Terry R. McAuliffe (D),1666,Terry R. McAuliffe (D),Terry R. McAuliffe (D),830,0.498199,Robert C. Sarvis (L),Robert C. Sarvis (L),73,0.043818,"Ken T. Cuccinelli, II (R)","Ken T. Cuccinelli, II (R)",584,0.35054
92,226,WOLFTRAP,Fairfax,2014-10-17T08:37:06.648Z,stulad,226,WOLFTRAP,Fairfax County,Terry R. McAuliffe (D),2017,Terry R. McAuliffe (D),Terry R. McAuliffe (D),1015,0.503223,Robert C. Sarvis (L),Robert C. Sarvis (L),93,0.046108,"Ken T. Cuccinelli, II (R)","Ken T. Cuccinelli, II (R)",716,0.354983
93,115,RAVENSWORTH,Fairfax,2014-10-17T08:37:06.648Z,stulad,115,RAVENSWORTH,Fairfax County,Terry R. McAuliffe (D),883,Terry R. McAuliffe (D),Terry R. McAuliffe (D),430,0.486976,Robert C. Sarvis (L),Robert C. Sarvis (L),48,0.05436,"Ken T. Cuccinelli, II (R)","Ken T. Cuccinelli, II (R)",354,0.400906
94,704,FREEDOM HILL,Fairfax,2014-10-17T08:37:06.648Z,stulad,704,FREEDOM HILL,Fairfax County,Terry R. McAuliffe (D),1040,Terry R. McAuliffe (D),Terry R. McAuliffe (D),558,0.536538,Robert C. Sarvis (L),Robert C. Sarvis (L),50,0.048077,"Ken T. Cuccinelli, II (R)","Ken T. Cuccinelli, II (R)",349,0.335577
95,622,LORTON STATION,Fairfax,2014-10-17T08:37:06.648Z,stulad,622,LORTON STATION,Fairfax County,Terry R. McAuliffe (D),1228,Terry R. McAuliffe (D),Terry R. McAuliffe (D),825,0.671824,Robert C. Sarvis (L),Robert C. Sarvis (L),38,0.030945,"Ken T. Cuccinelli, II (R)","Ken T. Cuccinelli, II (R)",277,0.22557
96,321,CLEARVIEW,Fairfax,2014-10-17T08:37:06.648Z,stulad,321,CLEARVIEW,Fairfax County,Terry R. McAuliffe (D),2265,Terry R. McAuliffe (D),Terry R. McAuliffe (D),1137,0.501987,Robert C. Sarvis (L),Robert C. Sarvis (L),127,0.056071,"Ken T. Cuccinelli, II (R)","Ken T. Cuccinelli, II (R)",804,0.354967
97,325,HUTCHISON,Fairfax,2014-10-17T08:37:06.648Z,stulad,325,HUTCHISON,Fairfax County,Terry R. McAuliffe (D),789,Terry R. McAuliffe (D),Terry R. McAuliffe (D),509,0.64512,Robert C. Sarvis (L),Robert C. Sarvis (L),45,0.057034,"Ken T. Cuccinelli, II (R)","Ken T. Cuccinelli, II (R)",198,0.250951
98,329,SENECA,Fairfax,2014-10-17T08:37:06.648Z,stulad,329,SENECA,Fairfax County,Terry R. McAuliffe (D),1759,Terry R. McAuliffe (D),Terry R. McAuliffe (D),761,0.432632,Robert C. Sarvis (L),Robert C. Sarvis (L),77,0.043775,"Ken T. Cuccinelli, II (R)","Ken T. Cuccinelli, II (R)",684,0.388857
99,203,FLORIS,Fairfax,2014-10-17T08:37:06.648Z,stulad,203,FLORIS,Fairfax County,Terry R. McAuliffe (D),1945,Terry R. McAuliffe (D),Terry R. McAuliffe (D),1001,0.514653,Robert C. Sarvis (L),Robert C. Sarvis (L),100,0.051414,"Ken T. Cuccinelli, II (R)","Ken T. Cuccinelli, II (R)",662,0.34036
100,320,HERNDON #2,Fairfax,2014-10-17T08:37:06.648Z,stulad,320,HERNDON #2,Fairfax County,Terry R. McAuliffe (D),1725,Terry R. McAuliffe (D),Terry R. McAuliffe (D),1006,0.583188,Robert C. Sarvis (L),Robert C. Sarvis (L),80,0.046377,"Ken T. Cuccinelli, II (R)","Ken T. Cuccinelli, II (R)",485,0.281159
101,712,SHREVE,Fairfax,2014-10-17T08:37:06.648Z,stulad,712,SHREVE,Fairfax County,Terry R. McAuliffe (D),839,Terry R. McAuliffe (D),Terry R. McAuliffe (D),506,0.603099,Robert C. Sarvis (L),Robert C. Sarvis (L),36,0.042908,"Ken T. Cuccinelli, II (R)","Ken T. Cuccinelli, II (R)",230,0.274136
102,608,KIRKSIDE,Fairfax,2014-10-17T08:37:06.648Z,stulad,608,KIRKSIDE,Fairfax County,Terry R. McAuliffe (D),1205,Terry R. McAuliffe (D),Terry R. McAuliffe (D),739,0.613278,Robert C. Sarvis (L),Robert C. Sarvis (L),45,0.037344,"Ken T. Cuccinelli, II (R)","Ken T. Cuccinelli, II (R)",267,0.221577
103,721,MERRIFIELD,Fairfax,2014-10-17T08:37:06.648Z,stulad,721,MERRIFIELD,Fairfax County,Terry R. McAuliffe (D),1408,Terry R. McAuliffe (D),Terry R. McAuliffe (D),833,0.591619,Robert C. Sarvis (L),Robert C. Sarvis (L),83,0.058949,"Ken T. Cuccinelli, II (R)","Ken T. Cuccinelli, II (R)",371,0.263494
104,229,FOX MILL,Fairfax,2014-10-17T08:37:06.648Z,stulad,229,FOX MILL,Fairfax County,Terry R. McAuliffe (D),2574,Terry R. McAuliffe (D),Terry R. McAuliffe (D),1271,0.493784,Robert C. Sarvis (L),Robert C. Sarvis (L),146,0.056721,"Ken T. Cuccinelli, II (R)","Ken T. Cuccinelli, II (R)",915,0.355478
105,225,TERRASET,Fairfax,2014-10-17T08:37:06.648Z,stulad,225,TERRASET,Fairfax County,Terry R. McAuliffe (D),1592,Terry R. McAuliffe (D),Terry R. McAuliffe (D),1016,0.638191,Robert C. Sarvis (L),Robert C. Sarvis (L),74,0.046482,"Ken T. Cuccinelli, II (R)","Ken T. Cuccinelli, II (R)",362,0.227387
106,235,FRYING PAN,Fairfax,2014-10-17T08:37:06.648Z,stulad,235,FRYING PAN,Fairfax County,Terry R. McAuliffe (D),1161,Terry R. McAuliffe (D),Terry R. McAuliffe (D),719,0.619294,Robert C. Sarvis (L),Robert C. Sarvis (L),68,0.05857,"Ken T. Cuccinelli, II (R)","Ken T. Cuccinelli, II (R)",294,0.25323
107,327,SUGARLAND,Fairfax,2014-10-17T08:37:06.648Z,stulad,327,SUGARLAND,Fairfax County,Terry R. McAuliffe (D),1614,Terry R. McAuliffe (D),Terry R. McAuliffe (D),792,0.490706,Robert C. Sarvis (L),Robert C. Sarvis (L),99,0.061338,"Ken T. Cuccinelli, II (R)","Ken T. Cuccinelli, II (R)",588,0.364312
108,719,STENWOOD,Fairfax,2014-10-17T08:37:06.648Z,stulad,719,STENWOOD,Fairfax County,Terry R. McAuliffe (D),584,Terry R. McAuliffe (D),Terry R. McAuliffe (D),317,0.542808,Robert C. Sarvis (L),Robert C. Sarvis (L),31,0.053082,"Ken T. Cuccinelli, II (R)","Ken T. Cuccinelli, II (R)",182,0.311644
109,604,BUCKNELL,Fairfax,2014-10-17T08:37:06.648Z,stulad,604,BUCKNELL,Fairfax County,Terry R. McAuliffe (D),1396,Terry R. McAuliffe (D),Terry R. McAuliffe (D),899,0.643983,Robert C. Sarvis (L),Robert C. Sarvis (L),48,0.034384,"Ken T. Cuccinelli, II (R)","Ken T. Cuccinelli, II (R)",316,0.226361
110,902,BROOKFIELD,Fairfax,2014-10-17T08:37:06.648Z,stulad,902,BROOKFIELD,Fairfax County,Terry R. McAuliffe (D),1457,Terry R. McAuliffe (D),Terry R. McAuliffe (D),759,0.520933,Robert C. Sarvis (L),Robert C. Sarvis (L),73,0.050103,"Ken T. Cuccinelli, II (R)","Ken T. Cuccinelli, II (R)",526,0.361016
111,513,SAINT ALBANS,Fairfax,2014-10-17T08:37:06.648Z,stulad,513,SAINT ALBANS,Fairfax County,Terry R. McAuliffe (D),1587,Terry R. McAuliffe (D),Terry R. McAuliffe (D),746,0.470069,Robert C. Sarvis (L),Robert C. Sarvis (L),58,0.036547,"Ken T. Cuccinelli, II (R)","Ken T. Cuccinelli, II (R)",367,0.231254
112,110,NORTH SPRINGFIELD,Fairfax,2014-10-17T08:37:06.648Z,stulad,110,NORTH SPRINGFIELD,Fairfax County,Terry R. McAuliffe (D),1818,Terry R. McAuliffe (D),Terry R. McAuliffe (D),944,0.519252,Robert C. Sarvis (L),Robert C. Sarvis (L),96,0.052805,"Ken T. Cuccinelli, II (R)","Ken T. Cuccinelli, II (R)",652,0.358636
113,609,MARLAN,Fairfax,2014-10-17T08:37:06.648Z,stulad,609,MARLAN,Fairfax County,Terry R. McAuliffe (D),1244,Terry R. McAuliffe (D),Terry R. McAuliffe (D),636,0.511254,Robert C. Sarvis (L),Robert C. Sarvis (L),67,0.053859,"Ken T. Cuccinelli, II (R)","Ken T. Cuccinelli, II (R)",412,0.33119
114,732,OAK MARR,Fairfax,2014-10-17T08:37:06.648Z,stulad,732,OAK MARR,Fairfax County,Terry R. McAuliffe (D),1832,Terry R. McAuliffe (D),Terry R. McAuliffe (D),836,0.456332,Robert C. Sarvis (L),Robert C. Sarvis (L),100,0.054585,"Ken T. Cuccinelli, II (R)","Ken T. Cuccinelli, II (R)",651,0.355349
115,701,BLAKE,Fairfax,2014-10-17T08:37:06.648Z,stulad,701,BLAKE,Fairfax County,Terry R. McAuliffe (D),1893,Terry R. McAuliffe (D),Terry R. McAuliffe (D),1059,0.559429,Robert C. Sarvis (L),Robert C. Sarvis (L),103,0.054411,"Ken T. Cuccinelli, II (R)","Ken T. Cuccinelli, II (R)",580,0.306392
116,727,OAKTON,Fairfax,2014-10-17T08:37:06.648Z,stulad,727,OAKTON,Fairfax County,Terry R. McAuliffe (D),1458,Terry R. McAuliffe (D),Terry R. McAuliffe (D),682,0.467764,Robert C. Sarvis (L),Robert C. Sarvis (L),62,0.042524,"Ken T. Cuccinelli, II (R)","Ken T. Cuccinelli, II (R)",544,0.373114
117,238,CAMERON GLEN,Fairfax,2014-10-17T08:37:06.648Z,stulad,238,CAMERON GLEN,Fairfax County,Terry R. McAuliffe (D),1345,Terry R. McAuliffe (D),Terry R. McAuliffe (D),640,0.475836,Robert C. Sarvis (L),Robert C. Sarvis (L),61,0.045353,"Ken T. Cuccinelli, II (R)","Ken T. Cuccinelli, II (R)",421,0.313011
118,319,HERNDON #1,Fairfax,2014-10-17T08:37:06.648Z,stulad,319,HERNDON #1,Fairfax County,Terry R. McAuliffe (D),1843,Terry R. McAuliffe (D),Terry R. McAuliffe (D),943,0.511666,Robert C. Sarvis (L),Robert C. Sarvis (L),100,0.054259,"Ken T. Cuccinelli, II (R)","Ken T. Cuccinelli, II (R)",617,0.33478
119,236,STUART,Fairfax,2014-10-17T08:37:06.648Z,stulad,236,STUART,Fairfax County,Terry R. McAuliffe (D),696,Terry R. McAuliffe (D),Terry R. McAuliffe (D),375,0.538793,Robert C. Sarvis (L),Robert C. Sarvis (L),44,0.063218,"Ken T. Cuccinelli, II (R)","Ken T. Cuccinelli, II (R)",212,0.304598
120,324,HERNDON #3,Fairfax,2014-10-17T08:37:06.648Z,stulad,324,HERNDON #3,Fairfax County,Terry R. McAuliffe (D),1460,Terry R. McAuliffe (D),Terry R. McAuliffe (D),830,0.568493,Robert C. Sarvis (L),Robert C. Sarvis (L),95,0.065068,"Ken T. Cuccinelli, II (R)","Ken T. Cuccinelli, II (R)",403,0.276027
121,233,NORTH POINT,Fairfax,2014-10-17T08:37:06.648Z,stulad,233,NORTH POINT,Fairfax County,Terry R. McAuliffe (D),2287,Terry R. McAuliffe (D),Terry R. McAuliffe (D),1204,0.526454,Robert C. Sarvis (L),Robert C. Sarvis (L),126,0.055094,"Ken T. Cuccinelli, II (R)","Ken T. Cuccinelli, II (R)",728,0.318321
122,234,ALDRIN,Fairfax,2014-10-17T08:37:06.648Z,stulad,234,ALDRIN,Fairfax County,Terry R. McAuliffe (D),2381,Terry R. McAuliffe (D),Terry R. McAuliffe (D),1296,0.544309,Robert C. Sarvis (L),Robert C. Sarvis (L),107,0.044939,"Ken T. Cuccinelli, II (R)","Ken T. Cuccinelli, II (R)",723,0.303654
123,222,RESTON #3,Fairfax,2014-10-17T08:37:06.648Z,stulad,222,RESTON #3,Fairfax County,Terry R. McAuliffe (D),1149,Terry R. McAuliffe (D),Terry R. McAuliffe (D),786,0.684073,Robert C. Sarvis (L),Robert C. Sarvis (L),42,0.036554,"Ken T. Cuccinelli, II (R)","Ken T. Cuccinelli, II (R)",206,0.179286
124,209,RESTON #2,Fairfax,2014-10-17T08:37:06.648Z,stulad,209,RESTON #2,Fairfax County,Terry R. McAuliffe (D),1554,Terry R. McAuliffe (D),Terry R. McAuliffe (D),1018,0.655084,Robert C. Sarvis (L),Robert C. Sarvis (L),67,0.043115,"Ken T. Cuccinelli, II (R)","Ken T. Cuccinelli, II (R)",324,0.208494
125,208,RESTON #1,Fairfax,2014-10-17T08:37:06.648Z,stulad,208,RESTON #1,Fairfax County,Terry R. McAuliffe (D),1206,Terry R. McAuliffe (D),Terry R. McAuliffe (D),768,0.636816,Robert C. Sarvis (L),Robert C. Sarvis (L),50,0.041459,"Ken T. Cuccinelli, II (R)","Ken T. Cuccinelli, II (R)",260,0.215589
126,224,SOUTH LAKES,Fairfax,2014-10-17T08:37:06.648Z,stulad,224,SOUTH LAKES,Fairfax County,Terry R. McAuliffe (D),2365,Terry R. McAuliffe (D),Terry R. McAuliffe (D),1486,0.62833,Robert C. Sarvis (L),Robert C. Sarvis (L),115,0.048626,"Ken T. Cuccinelli, II (R)","Ken T. Cuccinelli, II (R)",519,0.21945
127,220,DOGWOOD,Fairfax,2014-10-17T08:37:06.648Z,stulad,220,DOGWOOD,Fairfax County,Terry R. McAuliffe (D),1686,Terry R. McAuliffe (D),Terry R. McAuliffe (D),1053,0.624555,Robert C. Sarvis (L),Robert C. Sarvis (L),87,0.051601,"Ken T. Cuccinelli, II (R)","Ken T. Cuccinelli, II (R)",402,0.238434
128,306,GREAT FALLS,Fairfax,2014-10-17T08:37:06.648Z,stulad,306,GREAT FALLS,Fairfax County,Terry R. McAuliffe (D),1171,Terry R. McAuliffe (D),Terry R. McAuliffe (D),516,0.440649,Robert C. Sarvis (L),Robert C. Sarvis (L),44,0.037575,"Ken T. Cuccinelli, II (R)","Ken T. Cuccinelli, II (R)",471,0.40222
129,328,HICKORY,Fairfax,2014-10-17T08:37:06.648Z,stulad,328,HICKORY,Fairfax County,Terry R. McAuliffe (D),1584,Terry R. McAuliffe (D),Terry R. McAuliffe (D),710,0.448232,Robert C. Sarvis (L),Robert C. Sarvis (L),102,0.064394,"Ken T. Cuccinelli, II (R)","Ken T. Cuccinelli, II (R)",582,0.367424
130,309,KENMORE,Fairfax,2014-10-17T08:37:06.648Z,stulad,309,KENMORE,Fairfax County,Terry R. McAuliffe (D),1885,Terry R. McAuliffe (D),Terry R. McAuliffe (D),809,0.429178,Robert C. Sarvis (L),Robert C. Sarvis (L),107,0.056764,"Ken T. Cuccinelli, II (R)","Ken T. Cuccinelli, II (R)",650,0.344828
131,331,SPRING HILL,Fairfax,2014-10-17T08:37:06.648Z,stulad,331,SPRING HILL,Fairfax County,Terry R. McAuliffe (D),1388,Terry R. McAuliffe (D),Terry R. McAuliffe (D),588,0.423631,Robert C. Sarvis (L),Robert C. Sarvis (L),57,0.041066,"Ken T. Cuccinelli, II (R)","Ken T. Cuccinelli, II (R)",475,0.342219
132,304,COOPER,Fairfax,2014-10-17T08:37:06.648Z,stulad,304,COOPER,Fairfax County,Terry R. McAuliffe (D),1219,Terry R. McAuliffe (D),Terry R. McAuliffe (D),470,0.385562,Robert C. Sarvis (L),Robert C. Sarvis (L),60,0.049221,"Ken T. Cuccinelli, II (R)","Ken T. Cuccinelli, II (R)",441,0.361772
133,314,MCLEAN,Fairfax,2014-10-17T08:37:06.648Z,stulad,314,MCLEAN,Fairfax County,Terry R. McAuliffe (D),1358,Terry R. McAuliffe (D),Terry R. McAuliffe (D),650,0.478645,Robert C. Sarvis (L),Robert C. Sarvis (L),51,0.037555,"Ken T. Cuccinelli, II (R)","Ken T. Cuccinelli, II (R)",402,0.296024
134,303,CHURCHILL,Fairfax,2014-10-17T08:37:06.648Z,stulad,303,CHURCHILL,Fairfax County,Terry R. McAuliffe (D),856,Terry R. McAuliffe (D),Terry R. McAuliffe (D),415,0.484813,Robert C. Sarvis (L),Robert C. Sarvis (L),56,0.065421,"Ken T. Cuccinelli, II (R)","Ken T. Cuccinelli, II (R)",261,0.304907
135,311,LANGLEY,Fairfax,2014-10-17T08:37:06.648Z,stulad,311,LANGLEY,Fairfax County,Terry R. McAuliffe (D),1302,Terry R. McAuliffe (D),Terry R. McAuliffe (D),544,0.417819,Robert C. Sarvis (L),Robert C. Sarvis (L),51,0.039171,"Ken T. Cuccinelli, II (R)","Ken T. Cuccinelli, II (R)",447,0.343318
136,843,FAIR LAKES,Fairfax,2014-10-17T08:37:06.648Z,stulad,843,FAIR LAKES,Fairfax County,Terry R. McAuliffe (D),1316,Terry R. McAuliffe (D),Terry R. McAuliffe (D),650,0.493921,Robert C. Sarvis (L),Robert C. Sarvis (L),54,0.041033,"Ken T. Cuccinelli, II (R)","Ken T. Cuccinelli, II (R)",507,0.385258
137,132,MONUMENT,Fairfax,2014-10-17T08:37:06.648Z,stulad,132,MONUMENT,Fairfax County,Terry R. McAuliffe (D),1291,Terry R. McAuliffe (D),Terry R. McAuliffe (D),679,0.525949,Robert C. Sarvis (L),Robert C. Sarvis (L),45,0.034857,"Ken T. Cuccinelli, II (R)","Ken T. Cuccinelli, II (R)",411,0.318358
138,131,EAGLE VIEW,Fairfax,2014-10-17T08:37:06.648Z,stulad,131,EAGLE VIEW,Fairfax County,Terry R. McAuliffe (D),1474,Terry R. McAuliffe (D),Terry R. McAuliffe (D),731,0.495929,Robert C. Sarvis (L),Robert C. Sarvis (L),75,0.050882,"Ken T. Cuccinelli, II (R)","Ken T. Cuccinelli, II (R)",515,0.349389
139,121,VILLA,Fairfax,2014-10-17T08:37:06.648Z,stulad,121,VILLA,Fairfax County,Terry R. McAuliffe (D),923,Terry R. McAuliffe (D),Terry R. McAuliffe (D),439,0.475623,Robert C. Sarvis (L),Robert C. Sarvis (L),61,0.066089,"Ken T. Cuccinelli, II (R)","Ken T. Cuccinelli, II (R)",361,0.391116
140,729,NOTTOWAY,Fairfax,2014-10-17T08:37:06.648Z,stulad,729,NOTTOWAY,Fairfax County,Terry R. McAuliffe (D),1750,Terry R. McAuliffe (D),Terry R. McAuliffe (D),957,0.546857,Robert C. Sarvis (L),Robert C. Sarvis (L),78,0.044571,"Ken T. Cuccinelli, II (R)","Ken T. Cuccinelli, II (R)",499,0.285143
141,218,VIENNA #6,Fairfax,2014-10-17T08:37:06.648Z,stulad,218,VIENNA #6,Fairfax County,Terry R. McAuliffe (D),1185,Terry R. McAuliffe (D),Terry R. McAuliffe (D),680,0.57384,Robert C. Sarvis (L),Robert C. Sarvis (L),51,0.043038,"Ken T. Cuccinelli, II (R)","Ken T. Cuccinelli, II (R)",332,0.280169
142,213,VIENNA #1,Fairfax,2014-10-17T08:37:06.648Z,stulad,213,VIENNA #1,Fairfax County,Terry R. McAuliffe (D),2064,Terry R. McAuliffe (D),Terry R. McAuliffe (D),1089,0.527616,Robert C. Sarvis (L),Robert C. Sarvis (L),122,0.059109,"Ken T. Cuccinelli, II (R)","Ken T. Cuccinelli, II (R)",670,0.324612
143,214,VIENNA #2,Fairfax,2014-10-17T08:37:06.648Z,stulad,214,VIENNA #2,Fairfax County,Terry R. McAuliffe (D),1722,Terry R. McAuliffe (D),Terry R. McAuliffe (D),901,0.523229,Robert C. Sarvis (L),Robert C. Sarvis (L),88,0.051103,"Ken T. Cuccinelli, II (R)","Ken T. Cuccinelli, II (R)",556,0.32288
144,427,ISLAND CREEK,Fairfax,2014-10-17T08:37:06.648Z,stulad,427,ISLAND CREEK,Fairfax County,Terry R. McAuliffe (D),1157,Terry R. McAuliffe (D),Terry R. McAuliffe (D),686,0.592913,Robert C. Sarvis (L),Robert C. Sarvis (L),56,0.048401,"Ken T. Cuccinelli, II (R)","Ken T. Cuccinelli, II (R)",329,0.284356
145,619,BELVOIR,Fairfax,2014-10-17T08:37:06.648Z,stulad,619,BELVOIR,Fairfax County,Terry R. McAuliffe (D),1061,Terry R. McAuliffe (D),Terry R. McAuliffe (D),556,0.524034,Robert C. Sarvis (L),Robert C. Sarvis (L),47,0.044298,"Ken T. Cuccinelli, II (R)","Ken T. Cuccinelli, II (R)",367,0.3459
146,332,COATES,Fairfax,2014-10-17T08:37:06.648Z,stulad,332,COATES,Fairfax County,Terry R. McAuliffe (D),856,Terry R. McAuliffe (D),Terry R. McAuliffe (D),570,0.665888,Robert C. Sarvis (L),Robert C. Sarvis (L),33,0.038551,"Ken T. Cuccinelli, II (R)","Ken T. Cuccinelli, II (R)",194,0.226636
147,237,MCNAIR,Fairfax,2014-10-17T08:37:06.648Z,stulad,237,MCNAIR,Fairfax County,Terry R. McAuliffe (D),1097,Terry R. McAuliffe (D),Terry R. McAuliffe (D),655,0.597083,Robert C. Sarvis (L),Robert C. Sarvis (L),54,0.049225,"Ken T. Cuccinelli, II (R)","Ken T. Cuccinelli, II (R)",302,0.275296
148,854,NEWGATE SOUTH,Fairfax,2014-10-17T08:37:06.648Z,stulad,854,NEWGATE SOUTH,Fairfax County,"Ken T. Cuccinelli, II (R)",1673,Terry R. McAuliffe (D),Terry R. McAuliffe (D),591,0.353258,Robert C. Sarvis (L),Robert C. Sarvis (L),92,0.054991,"Ken T. Cuccinelli, II (R)","Ken T. Cuccinelli, II (R)",797,0.47639
149,849,NEWGATE NORTH,Fairfax,2014-10-17T08:37:06.648Z,stulad,849,NEWGATE NORTH,Fairfax County,Terry R. McAuliffe (D),889,Terry R. McAuliffe (D),Terry R. McAuliffe (D),379,0.426322,Robert C. Sarvis (L),Robert C. Sarvis (L),43,0.048369,"Ken T. Cuccinelli, II (R)","Ken T. Cuccinelli, II (R)",359,0.403825
150,618,NEWINGTON,Fairfax,2014-10-17T08:37:06.648Z,stulad,618,NEWINGTON,Fairfax County,Terry R. McAuliffe (D),2110,Terry R. McAuliffe (D),Terry R. McAuliffe (D),1104,0.523223,Robert C. Sarvis (L),Robert C. Sarvis (L),97,0.045972,"Ken T. Cuccinelli, II (R)","Ken T. Cuccinelli, II (R)",756,0.358294
151,629,SOUTH COUNTY,Fairfax,2014-10-17T08:37:06.648Z,stulad,629,SOUTH COUNTY,Fairfax County,Terry R. McAuliffe (D),1364,Terry R. McAuliffe (D),Terry R. McAuliffe (D),607,0.445015,Robert C. Sarvis (L),Robert C. Sarvis (L),65,0.047654,"Ken T. Cuccinelli, II (R)","Ken T. Cuccinelli, II (R)",555,0.406891
152,617,LORTON,Fairfax,2014-10-17T08:37:06.648Z,stulad,617,LORTON,Fairfax County,Terry R. McAuliffe (D),778,Terry R. McAuliffe (D),Terry R. McAuliffe (D),559,0.718509,Robert C. Sarvis (L),Robert C. Sarvis (L),19,0.024422,"Ken T. Cuccinelli, II (R)","Ken T. Cuccinelli, II (R)",165,0.212082
153,628,LAUREL HILL,Fairfax,2014-10-17T08:37:06.648Z,stulad,628,LAUREL HILL,Fairfax County,Terry R. McAuliffe (D),1329,Terry R. McAuliffe (D),Terry R. McAuliffe (D),841,0.632807,Robert C. Sarvis (L),Robert C. Sarvis (L),45,0.03386,"Ken T. Cuccinelli, II (R)","Ken T. Cuccinelli, II (R)",360,0.27088
154,410,ROSE HILL,Fairfax,2014-10-17T08:37:06.648Z,stulad,410,ROSE HILL,Fairfax County,Terry R. McAuliffe (D),1907,Terry R. McAuliffe (D),Terry R. McAuliffe (D),1002,0.525433,Robert C. Sarvis (L),Robert C. Sarvis (L),97,0.050865,"Ken T. Cuccinelli, II (R)","Ken T. Cuccinelli, II (R)",663,0.347666
155,420,VILLAGES,Fairfax,2014-10-17T08:37:06.648Z,stulad,420,VILLAGES,Fairfax County,Terry R. McAuliffe (D),1746,Terry R. McAuliffe (D),Terry R. McAuliffe (D),1041,0.59622,Robert C. Sarvis (L),Robert C. Sarvis (L),72,0.041237,"Ken T. Cuccinelli, II (R)","Ken T. Cuccinelli, II (R)",484,0.277205
156,423,CLERMONT,Fairfax,2014-10-17T08:37:06.648Z,stulad,423,CLERMONT,Fairfax County,Terry R. McAuliffe (D),1278,Terry R. McAuliffe (D),Terry R. McAuliffe (D),685,0.535994,Robert C. Sarvis (L),Robert C. Sarvis (L),67,0.052426,"Ken T. Cuccinelli, II (R)","Ken T. Cuccinelli, II (R)",427,0.334116
157,411,VIRGINIA HILLS,Fairfax,2014-10-17T08:37:06.648Z,stulad,411,VIRGINIA HILLS,Fairfax County,Terry R. McAuliffe (D),1058,Terry R. McAuliffe (D),Terry R. McAuliffe (D),596,0.563327,Robert C. Sarvis (L),Robert C. Sarvis (L),47,0.044423,"Ken T. Cuccinelli, II (R)","Ken T. Cuccinelli, II (R)",317,0.299622
158,405,GROVETON,Fairfax,2014-10-17T08:37:06.648Z,stulad,405,GROVETON,Fairfax County,Terry R. McAuliffe (D),704,Terry R. McAuliffe (D),Terry R. McAuliffe (D),474,0.673295,Robert C. Sarvis (L),Robert C. Sarvis (L),32,0.045455,"Ken T. Cuccinelli, II (R)","Ken T. Cuccinelli, II (R)",151,0.214489
159,429,HYBLA VALLEY,Fairfax,2014-10-17T08:37:06.648Z,stulad,429,HYBLA VALLEY,Fairfax County,Terry R. McAuliffe (D),1048,Terry R. McAuliffe (D),Terry R. McAuliffe (D),800,0.763359,Robert C. Sarvis (L),Robert C. Sarvis (L),19,0.01813,"Ken T. Cuccinelli, II (R)","Ken T. Cuccinelli, II (R)",165,0.157443
160,428,PINEWOOD,Fairfax,2014-10-17T08:37:06.648Z,stulad,428,PINEWOOD,Fairfax County,Terry R. McAuliffe (D),1049,Terry R. McAuliffe (D),Terry R. McAuliffe (D),763,0.727359,Robert C. Sarvis (L),Robert C. Sarvis (L),29,0.027645,"Ken T. Cuccinelli, II (R)","Ken T. Cuccinelli, II (R)",187,0.178265
161,413,FAIRFIELD,Fairfax,2014-10-17T08:37:06.648Z,stulad,413,FAIRFIELD,Fairfax County,Terry R. McAuliffe (D),652,Terry R. McAuliffe (D),Terry R. McAuliffe (D),510,0.782209,Robert C. Sarvis (L),Robert C. Sarvis (L),15,0.023006,"Ken T. Cuccinelli, II (R)","Ken T. Cuccinelli, II (R)",97,0.148773
162,525,WALNUT HILL,Fairfax,2014-10-17T08:37:06.648Z,stulad,525,WALNUT HILL,Fairfax County,Terry R. McAuliffe (D),1428,Terry R. McAuliffe (D),Terry R. McAuliffe (D),842,0.589636,Robert C. Sarvis (L),Robert C. Sarvis (L),73,0.05112,"Ken T. Cuccinelli, II (R)","Ken T. Cuccinelli, II (R)",407,0.285014
163,508,MASONVILLE,Fairfax,2014-10-17T08:37:06.648Z,stulad,508,MASONVILLE,Fairfax County,Terry R. McAuliffe (D),1377,Terry R. McAuliffe (D),Terry R. McAuliffe (D),770,0.559187,Robert C. Sarvis (L),Robert C. Sarvis (L),62,0.045025,"Ken T. Cuccinelli, II (R)","Ken T. Cuccinelli, II (R)",399,0.28976
164,512,SLEEPY HOLLOW,Fairfax,2014-10-17T08:37:06.648Z,stulad,512,SLEEPY HOLLOW,Fairfax County,Terry R. McAuliffe (D),778,Terry R. McAuliffe (D),Terry R. McAuliffe (D),427,0.548843,Robert C. Sarvis (L),Robert C. Sarvis (L),52,0.066838,"Ken T. Cuccinelli, II (R)","Ken T. Cuccinelli, II (R)",214,0.275064
165,502,BARCROFT,Fairfax,2014-10-17T08:37:06.648Z,stulad,502,BARCROFT,Fairfax County,Terry R. McAuliffe (D),848,Terry R. McAuliffe (D),Terry R. McAuliffe (D),451,0.53184,Robert C. Sarvis (L),Robert C. Sarvis (L),48,0.056604,"Ken T. Cuccinelli, II (R)","Ken T. Cuccinelli, II (R)",196,0.231132
166,506,HOLMES,Fairfax,2014-10-17T08:37:06.648Z,stulad,506,HOLMES,Fairfax County,Terry R. McAuliffe (D),956,Terry R. McAuliffe (D),Terry R. McAuliffe (D),651,0.680962,Robert C. Sarvis (L),Robert C. Sarvis (L),37,0.038703,"Ken T. Cuccinelli, II (R)","Ken T. Cuccinelli, II (R)",187,0.195607
167,505,GLEN FOREST,Fairfax,2014-10-17T08:37:06.648Z,stulad,505,GLEN FOREST,Fairfax County,Terry R. McAuliffe (D),994,Terry R. McAuliffe (D),Terry R. McAuliffe (D),626,0.629779,Robert C. Sarvis (L),Robert C. Sarvis (L),36,0.036217,"Ken T. Cuccinelli, II (R)","Ken T. Cuccinelli, II (R)",247,0.248491
168,520,SKYLINE,Fairfax,2014-10-17T08:37:06.648Z,stulad,520,SKYLINE,Fairfax County,Terry R. McAuliffe (D),1346,Terry R. McAuliffe (D),Terry R. McAuliffe (D),818,0.607727,Robert C. Sarvis (L),Robert C. Sarvis (L),43,0.031947,"Ken T. Cuccinelli, II (R)","Ken T. Cuccinelli, II (R)",222,0.164933
169,501,BAILEYS,Fairfax,2014-10-17T08:37:06.648Z,stulad,501,BAILEYS,Fairfax County,Terry R. McAuliffe (D),1349,Terry R. McAuliffe (D),Terry R. McAuliffe (D),848,0.628614,Robert C. Sarvis (L),Robert C. Sarvis (L),41,0.030393,"Ken T. Cuccinelli, II (R)","Ken T. Cuccinelli, II (R)",266,0.197183
170,516,WEYANOKE,Fairfax,2014-10-17T08:37:06.648Z,stulad,516,WEYANOKE,Fairfax County,Terry R. McAuliffe (D),1141,Terry R. McAuliffe (D),Terry R. McAuliffe (D),696,0.609991,Robert C. Sarvis (L),Robert C. Sarvis (L),51,0.044698,"Ken T. Cuccinelli, II (R)","Ken T. Cuccinelli, II (R)",299,0.262051
171,527,EDSALL,Fairfax,2014-10-17T08:37:06.648Z,stulad,527,EDSALL,Fairfax County,Terry R. McAuliffe (D),923,Terry R. McAuliffe (D),Terry R. McAuliffe (D),519,0.562297,Robert C. Sarvis (L),Robert C. Sarvis (L),51,0.055255,"Ken T. Cuccinelli, II (R)","Ken T. Cuccinelli, II (R)",289,0.313109
172,511,RAVENWOOD,Fairfax,2014-10-17T08:37:06.648Z,stulad,511,RAVENWOOD,Fairfax County,Terry R. McAuliffe (D),1371,Terry R. McAuliffe (D),Terry R. McAuliffe (D),767,0.559446,Robert C. Sarvis (L),Robert C. Sarvis (L),75,0.054705,"Ken T. Cuccinelli, II (R)","Ken T. Cuccinelli, II (R)",340,0.247994
173,802,CEDAR LAKE,Fairfax,2014-10-17T08:37:06.648Z,stulad,802,CEDAR LAKE,Fairfax County,Terry R. McAuliffe (D),482,Terry R. McAuliffe (D),Terry R. McAuliffe (D),263,0.545643,Robert C. Sarvis (L),Robert C. Sarvis (L),26,0.053942,"Ken T. Cuccinelli, II (R)","Ken T. Cuccinelli, II (R)",140,0.290456
174,848,FAIR OAKS,Fairfax,2014-10-17T08:37:06.648Z,stulad,848,FAIR OAKS,Fairfax County,Terry R. McAuliffe (D),1123,Terry R. McAuliffe (D),Terry R. McAuliffe (D),607,0.540516,Robert C. Sarvis (L),Robert C. Sarvis (L),49,0.043633,"Ken T. Cuccinelli, II (R)","Ken T. Cuccinelli, II (R)",362,0.322351
175,851,WILLOW SPRINGS,Fairfax,2014-10-17T08:37:06.648Z,stulad,851,WILLOW SPRINGS,Fairfax County,"Ken T. Cuccinelli, II (R)",1289,Terry R. McAuliffe (D),Terry R. McAuliffe (D),526,0.408068,Robert C. Sarvis (L),Robert C. Sarvis (L),50,0.03879,"Ken T. Cuccinelli, II (R)","Ken T. Cuccinelli, II (R)",556,0.431342
176,804,COLCHESTER,Fairfax,2014-10-17T08:37:06.648Z,stulad,804,COLCHESTER,Fairfax County,"Ken T. Cuccinelli, II (R)",937,Terry R. McAuliffe (D),Terry R. McAuliffe (D),361,0.385272,Robert C. Sarvis (L),Robert C. Sarvis (L),35,0.037353,"Ken T. Cuccinelli, II (R)","Ken T. Cuccinelli, II (R)",443,0.472785
177,841,POPES HEAD,Fairfax,2014-10-17T08:37:06.648Z,stulad,841,POPES HEAD,Fairfax County,"Ken T. Cuccinelli, II (R)",931,Terry R. McAuliffe (D),Terry R. McAuliffe (D),309,0.331901,Robert C. Sarvis (L),Robert C. Sarvis (L),49,0.052632,"Ken T. Cuccinelli, II (R)","Ken T. Cuccinelli, II (R)",440,0.47261
178,805,FAIRFAX STATION,Fairfax,2014-10-17T08:37:06.648Z,stulad,805,FAIRFAX STATION,Fairfax County,"Ken T. Cuccinelli, II (R)",942,Terry R. McAuliffe (D),Terry R. McAuliffe (D),361,0.383227,Robert C. Sarvis (L),Robert C. Sarvis (L),49,0.052017,"Ken T. Cuccinelli, II (R)","Ken T. Cuccinelli, II (R)",401,0.42569
179,815,WOODYARD,Fairfax,2014-10-17T08:37:06.648Z,stulad,815,WOODYARD,Fairfax County,"Ken T. Cuccinelli, II (R)",1465,Terry R. McAuliffe (D),Terry R. McAuliffe (D),559,0.38157,Robert C. Sarvis (L),Robert C. Sarvis (L),71,0.048464,"Ken T. Cuccinelli, II (R)","Ken T. Cuccinelli, II (R)",647,0.441638
180,406,HAYFIELD,Fairfax,2014-10-17T08:37:06.648Z,stulad,406,HAYFIELD,Fairfax County,Terry R. McAuliffe (D),1292,Terry R. McAuliffe (D),Terry R. McAuliffe (D),572,0.442724,Robert C. Sarvis (L),Robert C. Sarvis (L),74,0.057276,"Ken T. Cuccinelli, II (R)","Ken T. Cuccinelli, II (R)",544,0.421053
181,404,FRANCONIA,Fairfax,2014-10-17T08:37:06.648Z,stulad,404,FRANCONIA,Fairfax County,Terry R. McAuliffe (D),1382,Terry R. McAuliffe (D),Terry R. McAuliffe (D),776,0.561505,Robert C. Sarvis (L),Robert C. Sarvis (L),66,0.047757,"Ken T. Cuccinelli, II (R)","Ken T. Cuccinelli, II (R)",405,0.293054
182,422,VAN DORN,Fairfax,2014-10-17T08:37:06.648Z,stulad,422,VAN DORN,Fairfax County,Terry R. McAuliffe (D),1442,Terry R. McAuliffe (D),Terry R. McAuliffe (D),827,0.573509,Robert C. Sarvis (L),Robert C. Sarvis (L),59,0.040915,"Ken T. Cuccinelli, II (R)","Ken T. Cuccinelli, II (R)",398,0.276006
183,844,CENTERPOINTE,Fairfax,2014-10-17T08:37:06.648Z,stulad,844,CENTERPOINTE,Fairfax County,Terry R. McAuliffe (D),923,Terry R. McAuliffe (D),Terry R. McAuliffe (D),520,0.56338,Robert C. Sarvis (L),Robert C. Sarvis (L),35,0.03792,"Ken T. Cuccinelli, II (R)","Ken T. Cuccinelli, II (R)",293,0.317443
184,850,SOUTH RUN,Fairfax,2014-10-17T08:37:06.648Z,stulad,850,SOUTH RUN,Fairfax County,"Ken T. Cuccinelli, II (R)",1656,Terry R. McAuliffe (D),Terry R. McAuliffe (D),704,0.425121,Robert C. Sarvis (L),Robert C. Sarvis (L),72,0.043478,"Ken T. Cuccinelli, II (R)","Ken T. Cuccinelli, II (R)",724,0.437198
185,839,SILVERBROOK,Fairfax,2014-10-17T08:37:06.648Z,stulad,839,SILVERBROOK,Fairfax County,Terry R. McAuliffe (D),1868,Terry R. McAuliffe (D),Terry R. McAuliffe (D),790,0.422912,Robert C. Sarvis (L),Robert C. Sarvis (L),90,0.04818,"Ken T. Cuccinelli, II (R)","Ken T. Cuccinelli, II (R)",782,0.41863
186,806,SYDENSTRICKER,Fairfax,2014-10-17T08:37:06.648Z,stulad,806,SYDENSTRICKER,Fairfax County,Terry R. McAuliffe (D),1620,Terry R. McAuliffe (D),Terry R. McAuliffe (D),749,0.462346,Robert C. Sarvis (L),Robert C. Sarvis (L),73,0.045062,"Ken T. Cuccinelli, II (R)","Ken T. Cuccinelli, II (R)",656,0.404938
187,807,HUNT VALLEY,Fairfax,2014-10-17T08:37:06.648Z,stulad,807,HUNT VALLEY,Fairfax County,Terry R. McAuliffe (D),1191,Terry R. McAuliffe (D),Terry R. McAuliffe (D),526,0.441646,Robert C. Sarvis (L),Robert C. Sarvis (L),48,0.040302,"Ken T. Cuccinelli, II (R)","Ken T. Cuccinelli, II (R)",467,0.392107
188,811,POHICK,Fairfax,2014-10-17T08:37:06.648Z,stulad,811,POHICK,Fairfax County,Terry R. McAuliffe (D),911,Terry R. McAuliffe (D),Terry R. McAuliffe (D),500,0.548847,Robert C. Sarvis (L),Robert C. Sarvis (L),49,0.053787,"Ken T. Cuccinelli, II (R)","Ken T. Cuccinelli, II (R)",295,0.32382
189,803,CLIFTON,Fairfax,2014-10-17T08:37:06.648Z,stulad,803,CLIFTON,Fairfax County,"Ken T. Cuccinelli, II (R)",2303,Terry R. McAuliffe (D),Terry R. McAuliffe (D),761,0.330439,Robert C. Sarvis (L),Robert C. Sarvis (L),102,0.04429,"Ken T. Cuccinelli, II (R)","Ken T. Cuccinelli, II (R)",1069,0.464177
190,108,KINGS PARK,Fairfax,2014-10-17T08:37:06.648Z,stulad,108,KINGS PARK,Fairfax County,Terry R. McAuliffe (D),1296,Terry R. McAuliffe (D),Terry R. McAuliffe (D),639,0.493056,Robert C. Sarvis (L),Robert C. Sarvis (L),54,0.041667,"Ken T. Cuccinelli, II (R)","Ken T. Cuccinelli, II (R)",495,0.381944
191,133,DANBURY,Fairfax,2014-10-17T08:37:06.648Z,stulad,133,DANBURY,Fairfax County,Terry R. McAuliffe (D),348,Terry R. McAuliffe (D),Terry R. McAuliffe (D),192,0.551724,Robert C. Sarvis (L),Robert C. Sarvis (L),16,0.045977,"Ken T. Cuccinelli, II (R)","Ken T. Cuccinelli, II (R)",109,0.313218
192,118,LAKE BRADDOCK,Fairfax,2014-10-17T08:37:06.648Z,stulad,118,LAKE BRADDOCK,Fairfax County,Terry R. McAuliffe (D),1763,Terry R. McAuliffe (D),Terry R. McAuliffe (D),951,0.539421,Robert C. Sarvis (L),Robert C. Sarvis (L),86,0.04878,"Ken T. Cuccinelli, II (R)","Ken T. Cuccinelli, II (R)",552,0.313103
193,731,TYSONS,Fairfax,2014-10-17T08:37:06.648Z,stulad,731,TYSONS,Fairfax County,Terry R. McAuliffe (D),995,Terry R. McAuliffe (D),Terry R. McAuliffe (D),526,0.528643,Robert C. Sarvis (L),Robert C. Sarvis (L),38,0.038191,"Ken T. Cuccinelli, II (R)","Ken T. Cuccinelli, II (R)",309,0.310553
194,627,WOODLAWN,Fairfax,2014-10-17T08:37:06.648Z,stulad,627,WOODLAWN,Fairfax County,Terry R. McAuliffe (D),1211,Terry R. McAuliffe (D),Terry R. McAuliffe (D),821,0.677952,Robert C. Sarvis (L),Robert C. Sarvis (L),32,0.026424,"Ken T. Cuccinelli, II (R)","Ken T. Cuccinelli, II (R)",294,0.242775
195,113,CANTERBURY,Fairfax,2014-10-17T08:37:06.648Z,stulad,113,CANTERBURY,Fairfax County,Terry R. McAuliffe (D),2366,Terry R. McAuliffe (D),Terry R. McAuliffe (D),1173,0.495773,Robert C. Sarvis (L),Robert C. Sarvis (L),115,0.048605,"Ken T. Cuccinelli, II (R)","Ken T. Cuccinelli, II (R)",814,0.344041
196,117,WOODSON,Fairfax,2014-10-17T08:37:06.648Z,stulad,117,WOODSON,Fairfax County,Terry R. McAuliffe (D),1462,Terry R. McAuliffe (D),Terry R. McAuliffe (D),701,0.47948,Robert C. Sarvis (L),Robert C. Sarvis (L),58,0.039672,"Ken T. Cuccinelli, II (R)","Ken T. Cuccinelli, II (R)",546,0.373461
197,202,FLINT HILL,Fairfax,2014-10-17T08:37:06.648Z,stulad,202,FLINT HILL,Fairfax County,Terry R. McAuliffe (D),1750,Terry R. McAuliffe (D),Terry R. McAuliffe (D),829,0.473714,Robert C. Sarvis (L),Robert C. Sarvis (L),76,0.043429,"Ken T. Cuccinelli, II (R)","Ken T. Cuccinelli, II (R)",650,0.371429
198,204,MADISON,Fairfax,2014-10-17T08:37:06.648Z,stulad,204,MADISON,Fairfax County,Terry R. McAuliffe (D),398,Terry R. McAuliffe (D),Terry R. McAuliffe (D),232,0.582915,Robert C. Sarvis (L),Robert C. Sarvis (L),16,0.040201,"Ken T. Cuccinelli, II (R)","Ken T. Cuccinelli, II (R)",112,0.281407
199,933,COMPTON,Fairfax,2014-10-17T08:37:06.648Z,stulad,933,COMPTON,Fairfax County,Terry R. McAuliffe (D),293,Terry R. McAuliffe (D),Terry R. McAuliffe (D),139,0.474403,Robert C. Sarvis (L),Robert C. Sarvis (L),16,0.054608,"Ken T. Cuccinelli, II (R)","Ken T. Cuccinelli, II (R)",119,0.406143
200,917,STONE NORTH,Fairfax,2014-10-17T08:37:06.648Z,stulad,917,STONE NORTH,Fairfax County,Terry R. McAuliffe (D),865,Terry R. McAuliffe (D),Terry R. McAuliffe (D),407,0.47052,Robert C. Sarvis (L),Robert C. Sarvis (L),55,0.063584,"Ken T. Cuccinelli, II (R)","Ken T. Cuccinelli, II (R)",319,0.368786
201,932,STONE SOUTH,Fairfax,2014-10-17T08:37:06.648Z,stulad,932,STONE SOUTH,Fairfax County,Terry R. McAuliffe (D),558,Terry R. McAuliffe (D),Terry R. McAuliffe (D),296,0.530466,Robert C. Sarvis (L),Robert C. Sarvis (L),28,0.050179,"Ken T. Cuccinelli, II (R)","Ken T. Cuccinelli, II (R)",197,0.353047
202,910,LONDON TOWNE #1,Fairfax,2014-10-17T08:37:06.648Z,stulad,910,LONDON TOWNE #1,Fairfax County,Terry R. McAuliffe (D),1314,Terry R. McAuliffe (D),Terry R. McAuliffe (D),732,0.557078,Robert C. Sarvis (L),Robert C. Sarvis (L),64,0.048706,"Ken T. Cuccinelli, II (R)","Ken T. Cuccinelli, II (R)",413,0.314307
203,924,LONDON TOWNE #2,Fairfax,2014-10-17T08:37:06.648Z,stulad,924,LONDON TOWNE #2,Fairfax County,Terry R. McAuliffe (D),217,Terry R. McAuliffe (D),Terry R. McAuliffe (D),150,0.691244,Robert C. Sarvis (L),Robert C. Sarvis (L),6,0.02765,"Ken T. Cuccinelli, II (R)","Ken T. Cuccinelli, II (R)",47,0.21659
204,929,DIFFICULT RUN,Fairfax,2014-10-17T08:37:06.648Z,stulad,929,DIFFICULT RUN,Fairfax County,"Ken T. Cuccinelli, II (R)",402,Terry R. McAuliffe (D),Terry R. McAuliffe (D),156,0.38806,Robert C. Sarvis (L),Robert C. Sarvis (L),17,0.042289,"Ken T. Cuccinelli, II (R)","Ken T. Cuccinelli, II (R)",170,0.422886
205,914,VALE,Fairfax,2014-10-17T08:37:06.648Z,stulad,914,VALE,Fairfax County,Terry R. McAuliffe (D),1296,Terry R. McAuliffe (D),Terry R. McAuliffe (D),563,0.434414,Robert C. Sarvis (L),Robert C. Sarvis (L),88,0.067901,"Ken T. Cuccinelli, II (R)","Ken T. Cuccinelli, II (R)",476,0.367284
206,916,WAPLES MILL,Fairfax,2014-10-17T08:37:06.648Z,stulad,916,WAPLES MILL,Fairfax County,Terry R. McAuliffe (D),2475,Terry R. McAuliffe (D),Terry R. McAuliffe (D),1130,0.456566,Robert C. Sarvis (L),Robert C. Sarvis (L),114,0.046061,"Ken T. Cuccinelli, II (R)","Ken T. Cuccinelli, II (R)",972,0.392727
207,908,KINROSS EAST,Fairfax,2014-10-17T08:37:06.648Z,stulad,908,KINROSS EAST,Fairfax County,Terry R. McAuliffe (D),1249,Terry R. McAuliffe (D),Terry R. McAuliffe (D),583,0.466773,Robert C. Sarvis (L),Robert C. Sarvis (L),57,0.045637,"Ken T. Cuccinelli, II (R)","Ken T. Cuccinelli, II (R)",483,0.386709
208,909,KINROSS WEST,Fairfax,2014-10-17T08:37:06.648Z,stulad,909,KINROSS WEST,Fairfax County,Terry R. McAuliffe (D),1178,Terry R. McAuliffe (D),Terry R. McAuliffe (D),564,0.478778,Robert C. Sarvis (L),Robert C. Sarvis (L),67,0.056876,"Ken T. Cuccinelli, II (R)","Ken T. Cuccinelli, II (R)",444,0.37691
209,905,FRANKLIN,Fairfax,2014-10-17T08:37:06.648Z,stulad,905,FRANKLIN,Fairfax County,Terry R. McAuliffe (D),522,Terry R. McAuliffe (D),Terry R. McAuliffe (D),244,0.467433,Robert C. Sarvis (L),Robert C. Sarvis (L),31,0.059387,"Ken T. Cuccinelli, II (R)","Ken T. Cuccinelli, II (R)",196,0.375479
210,927,LEES CORNER #1,Fairfax,2014-10-17T08:37:06.648Z,stulad,927,LEES CORNER #1,Fairfax County,Terry R. McAuliffe (D),795,Terry R. McAuliffe (D),Terry R. McAuliffe (D),409,0.514465,Robert C. Sarvis (L),Robert C. Sarvis (L),47,0.059119,"Ken T. Cuccinelli, II (R)","Ken T. Cuccinelli, II (R)",274,0.344654
211,930,LEES CORNER #2,Fairfax,2014-10-17T08:37:06.648Z,stulad,930,LEES CORNER #2,Fairfax County,Terry R. McAuliffe (D),1107,Terry R. McAuliffe (D),Terry R. McAuliffe (D),511,0.461608,Robert C. Sarvis (L),Robert C. Sarvis (L),69,0.062331,"Ken T. Cuccinelli, II (R)","Ken T. Cuccinelli, II (R)",419,0.3785
212,920,CHANTILLY,Fairfax,2014-10-17T08:37:06.648Z,stulad,920,CHANTILLY,Fairfax County,Terry R. McAuliffe (D),1179,Terry R. McAuliffe (D),Terry R. McAuliffe (D),603,0.51145,Robert C. Sarvis (L),Robert C. Sarvis (L),48,0.040712,"Ken T. Cuccinelli, II (R)","Ken T. Cuccinelli, II (R)",428,0.36302
213,931,CARSON,Fairfax,2014-10-17T08:37:06.648Z,stulad,931,CARSON,Fairfax County,Terry R. McAuliffe (D),908,Terry R. McAuliffe (D),Terry R. McAuliffe (D),472,0.519824,Robert C. Sarvis (L),Robert C. Sarvis (L),45,0.049559,"Ken T. Cuccinelli, II (R)","Ken T. Cuccinelli, II (R)",307,0.338106
214,613,WESTGATE,Fairfax,2014-10-17T08:37:06.648Z,stulad,613,WESTGATE,Fairfax County,"Ken T. Cuccinelli, II (R)",1965,Terry R. McAuliffe (D),Terry R. McAuliffe (D),710,0.361323,Robert C. Sarvis (L),Robert C. Sarvis (L),108,0.054962,"Ken T. Cuccinelli, II (R)","Ken T. Cuccinelli, II (R)",877,0.44631
215,616,GUNSTON,Fairfax,2014-10-17T08:37:06.648Z,stulad,616,GUNSTON,Fairfax County,"Ken T. Cuccinelli, II (R)",1130,Terry R. McAuliffe (D),Terry R. McAuliffe (D),507,0.448673,Robert C. Sarvis (L),Robert C. Sarvis (L),47,0.041593,"Ken T. Cuccinelli, II (R)","Ken T. Cuccinelli, II (R)",514,0.454867
216,605,FORT HUNT,Fairfax,2014-10-17T08:37:06.648Z,stulad,605,FORT HUNT,Fairfax County,Terry R. McAuliffe (D),1411,Terry R. McAuliffe (D),Terry R. McAuliffe (D),659,0.467045,Robert C. Sarvis (L),Robert C. Sarvis (L),59,0.041814,"Ken T. Cuccinelli, II (R)","Ken T. Cuccinelli, II (R)",531,0.376329
217,611,STRATFORD,Fairfax,2014-10-17T08:37:06.648Z,stulad,611,STRATFORD,Fairfax County,Terry R. McAuliffe (D),1813,Terry R. McAuliffe (D),Terry R. McAuliffe (D),882,0.486486,Robert C. Sarvis (L),Robert C. Sarvis (L),104,0.057363,"Ken T. Cuccinelli, II (R)","Ken T. Cuccinelli, II (R)",596,0.328737
218,614,RIVERSIDE,Fairfax,2014-10-17T08:37:06.648Z,stulad,614,RIVERSIDE,Fairfax County,Terry R. McAuliffe (D),1209,Terry R. McAuliffe (D),Terry R. McAuliffe (D),532,0.440033,Robert C. Sarvis (L),Robert C. Sarvis (L),65,0.053763,"Ken T. Cuccinelli, II (R)","Ken T. Cuccinelli, II (R)",486,0.401985
219,602,BELLEVIEW,Fairfax,2014-10-17T08:37:06.648Z,stulad,602,BELLEVIEW,Fairfax County,Terry R. McAuliffe (D),1181,Terry R. McAuliffe (D),Terry R. McAuliffe (D),674,0.570703,Robert C. Sarvis (L),Robert C. Sarvis (L),67,0.056732,"Ken T. Cuccinelli, II (R)","Ken T. Cuccinelli, II (R)",342,0.289585
220,601,BELLE HAVEN,Fairfax,2014-10-17T08:37:06.648Z,stulad,601,BELLE HAVEN,Fairfax County,Terry R. McAuliffe (D),1130,Terry R. McAuliffe (D),Terry R. McAuliffe (D),540,0.477876,Robert C. Sarvis (L),Robert C. Sarvis (L),53,0.046903,"Ken T. Cuccinelli, II (R)","Ken T. Cuccinelli, II (R)",408,0.361062
221,621,GROSVENOR,Fairfax,2014-10-17T08:37:06.648Z,stulad,621,GROSVENOR,Fairfax County,Terry R. McAuliffe (D),794,Terry R. McAuliffe (D),Terry R. McAuliffe (D),506,0.63728,Robert C. Sarvis (L),Robert C. Sarvis (L),42,0.052897,"Ken T. Cuccinelli, II (R)","Ken T. Cuccinelli, II (R)",199,0.25063
222,607,HUNTINGTON,Fairfax,2014-10-17T08:37:06.648Z,stulad,607,HUNTINGTON,Fairfax County,Terry R. McAuliffe (D),1650,Terry R. McAuliffe (D),Terry R. McAuliffe (D),924,0.56,Robert C. Sarvis (L),Robert C. Sarvis (L),67,0.040606,"Ken T. Cuccinelli, II (R)","Ken T. Cuccinelli, II (R)",393,0.238182
223,703,FORT BUFFALO,Fairfax,2014-10-17T08:37:06.648Z,stulad,703,FORT BUFFALO,Fairfax County,Terry R. McAuliffe (D),593,Terry R. McAuliffe (D),Terry R. McAuliffe (D),391,0.659359,Robert C. Sarvis (L),Robert C. Sarvis (L),31,0.052277,"Ken T. Cuccinelli, II (R)","Ken T. Cuccinelli, II (R)",127,0.214165
224,709,MOSBY,Fairfax,2014-10-17T08:37:06.648Z,stulad,709,MOSBY,Fairfax County,Terry R. McAuliffe (D),1322,Terry R. McAuliffe (D),Terry R. McAuliffe (D),800,0.605144,Robert C. Sarvis (L),Robert C. Sarvis (L),51,0.038578,"Ken T. Cuccinelli, II (R)","Ken T. Cuccinelli, II (R)",349,0.263994
225,718,PINE RIDGE,Fairfax,2014-10-17T08:37:06.648Z,stulad,718,PINE RIDGE,Fairfax County,Terry R. McAuliffe (D),1010,Terry R. McAuliffe (D),Terry R. McAuliffe (D),527,0.521782,Robert C. Sarvis (L),Robert C. Sarvis (L),53,0.052475,"Ken T. Cuccinelli, II (R)","Ken T. Cuccinelli, II (R)",344,0.340594
226,717,WOODBURN,Fairfax,2014-10-17T08:37:06.648Z,stulad,717,WOODBURN,Fairfax County,Terry R. McAuliffe (D),883,Terry R. McAuliffe (D),Terry R. McAuliffe (D),514,0.582106,Robert C. Sarvis (L),Robert C. Sarvis (L),48,0.05436,"Ken T. Cuccinelli, II (R)","Ken T. Cuccinelli, II (R)",255,0.288788
227,921,DEER PARK,Fairfax,2014-10-17T08:37:06.648Z,stulad,921,DEER PARK,Fairfax County,"Ken T. Cuccinelli, II (R)",1642,Terry R. McAuliffe (D),Terry R. McAuliffe (D),655,0.398904,Robert C. Sarvis (L),Robert C. Sarvis (L),77,0.046894,"Ken T. Cuccinelli, II (R)","Ken T. Cuccinelli, II (R)",733,0.446407
228,606,HOLLIN HALL,Fairfax,2014-10-17T08:37:06.648Z,stulad,606,HOLLIN HALL,Fairfax County,Terry R. McAuliffe (D),1546,Terry R. McAuliffe (D),Terry R. McAuliffe (D),810,0.523933,Robert C. Sarvis (L),Robert C. Sarvis (L),90,0.058215,"Ken T. Cuccinelli, II (R)","Ken T. Cuccinelli, II (R)",489,0.3163
229,610,SHERWOOD,Fairfax,2014-10-17T08:37:06.648Z,stulad,610,SHERWOOD,Fairfax County,Terry R. McAuliffe (D),1012,Terry R. McAuliffe (D),Terry R. McAuliffe (D),574,0.567194,Robert C. Sarvis (L),Robert C. Sarvis (L),47,0.046443,"Ken T. Cuccinelli, II (R)","Ken T. Cuccinelli, II (R)",263,0.259881
230,926,POWELL,Fairfax,2014-10-17T08:37:06.648Z,stulad,926,POWELL,Fairfax County,Terry R. McAuliffe (D),1347,Terry R. McAuliffe (D),Terry R. McAuliffe (D),729,0.541203,Robert C. Sarvis (L),Robert C. Sarvis (L),53,0.039347,"Ken T. Cuccinelli, II (R)","Ken T. Cuccinelli, II (R)",476,0.353378
231,109,LITTLE RUN,Fairfax,2014-10-17T08:37:06.648Z,stulad,109,LITTLE RUN,Fairfax County,Terry R. McAuliffe (D),1902,Terry R. McAuliffe (D),Terry R. McAuliffe (D),916,0.481598,Robert C. Sarvis (L),Robert C. Sarvis (L),93,0.048896,"Ken T. Cuccinelli, II (R)","Ken T. Cuccinelli, II (R)",659,0.346477
232,316,SALONA #1,Fairfax,2014-10-17T08:37:06.648Z,stulad,316,SALONA #1,Fairfax County,Terry R. McAuliffe (D),595,Terry R. McAuliffe (D),Terry R. McAuliffe (D),291,0.489076,Robert C. Sarvis (L),Robert C. Sarvis (L),22,0.036975,"Ken T. Cuccinelli, II (R)","Ken T. Cuccinelli, II (R)",174,0.292437
233,333,SALONA #2,Fairfax,2014-10-17T08:37:06.648Z,stulad,333,SALONA #2,Fairfax County,Terry R. McAuliffe (D),1013,Terry R. McAuliffe (D),Terry R. McAuliffe (D),449,0.443238,Robert C. Sarvis (L),Robert C. Sarvis (L),49,0.048371,"Ken T. Cuccinelli, II (R)","Ken T. Cuccinelli, II (R)",308,0.304047
234,734,HUNTERS BRANCH,Fairfax,2014-10-17T08:37:06.648Z,stulad,734,HUNTERS BRANCH,Fairfax County,Terry R. McAuliffe (D),778,Terry R. McAuliffe (D),Terry R. McAuliffe (D),444,0.570694,Robert C. Sarvis (L),Robert C. Sarvis (L),55,0.070694,"Ken T. Cuccinelli, II (R)","Ken T. Cuccinelli, II (R)",204,0.262211
235,134,UNIVERSITY,Fairfax,2014-10-17T08:37:06.648Z,stulad,134,UNIVERSITY,Fairfax County,Terry R. McAuliffe (D),839,Terry R. McAuliffe (D),Terry R. McAuliffe (D),576,0.686532,Robert C. Sarvis (L),Robert C. Sarvis (L),100,0.11919,"Ken T. Cuccinelli, II (R)","Ken T. Cuccinelli, II (R)",152,0.181168
236,408,MOUNT EAGLE,Fairfax,2014-10-17T08:37:06.648Z,stulad,408,MOUNT EAGLE,Fairfax County,Terry R. McAuliffe (D),1044,Terry R. McAuliffe (D),Terry R. McAuliffe (D),698,0.668582,Robert C. Sarvis (L),Robert C. Sarvis (L),39,0.037356,"Ken T. Cuccinelli, II (R)","Ken T. Cuccinelli, II (R)",220,0.210728
237,919,GREEN TRAILS,Fairfax,2014-10-17T08:37:06.648Z,stulad,919,GREEN TRAILS,Fairfax County,Terry R. McAuliffe (D),1485,Terry R. McAuliffe (D),Terry R. McAuliffe (D),793,0.534007,Robert C. Sarvis (L),Robert C. Sarvis (L),60,0.040404,"Ken T. Cuccinelli, II (R)","Ken T. Cuccinelli, II (R)",508,0.342088
238,509,PLAZA,Fairfax,2014-10-17T08:37:06.648Z,stulad,509,PLAZA,Fairfax County,Terry R. McAuliffe (D),463,Terry R. McAuliffe (D),Terry R. McAuliffe (D),338,0.730022,Robert C. Sarvis (L),Robert C. Sarvis (L),21,0.045356,"Ken T. Cuccinelli, II (R)","Ken T. Cuccinelli, II (R)",62,0.133909
