VAR_ROUTE,OBJECTID,HRT_Route,HRT_LINK
 001,1,1,http://www.gohrt.com/routes/route-1.pdf
 001,2,1,http://www.gohrt.com/routes/route-1.pdf
 001,3,1,http://www.gohrt.com/routes/route-1.pdf
 002,4,2,http://www.gohrt.com/routes/route-2.pdf
 002,5,2,http://www.gohrt.com/routes/route-2.pdf
 002,6,2,http://www.gohrt.com/routes/route-2.pdf
 002,7,2,http://www.gohrt.com/routes/route-2.pdf
 003,8,3,http://www.gohrt.com/routes/route-3.pdf
 003,9,3,http://www.gohrt.com/routes/route-3.pdf
 003,10,3,http://www.gohrt.com/routes/route-3.pdf
 003,11,3,http://www.gohrt.com/routes/route-3.pdf
 003,12,3,http://www.gohrt.com/routes/route-3.pdf
 004,13,4,http://www.gohrt.com/routes/route-4.pdf
 004,14,4,http://www.gohrt.com/routes/route-4.pdf
 005,15,5,http://www.gohrt.com/routes/route-5.pdf
 005,16,5,http://www.gohrt.com/routes/route-5.pdf
 006,17,6,http://www.gohrt.com/routes/route-6.pdf
 006,18,6,http://www.gohrt.com/routes/route-6.pdf
 006,19,6,http://www.gohrt.com/routes/route-6.pdf
 008,20,8,http://www.gohrt.com/routes/route-8.pdf
 008,21,8,http://www.gohrt.com/routes/route-8.pdf
 009,22,9,http://www.gohrt.com/routes/route-9.pdf
 009,23,9,http://www.gohrt.com/routes/route-9.pdf
 011,24,11,http://www.gohrt.com/routes/route-11.pdf
 011,25,11,http://www.gohrt.com/routes/route-11.pdf
 012,26,12,http://www.gohrt.com/routes/route-12.pdf
 012,27,12,http://www.gohrt.com/routes/route-12.pdf
 013,28,13,http://www.gohrt.com/routes/route-13.pdf
 013,29,13,http://www.gohrt.com/routes/route-13.pdf
 014,30,14,http://www.gohrt.com/routes/route-14.pdf
 014,31,14,http://www.gohrt.com/routes/route-14.pdf
 015,32,15,http://www.gohrt.com/routes/route-15.pdf
 015,33,15,http://www.gohrt.com/routes/route-15.pdf
 015,34,15,http://www.gohrt.com/routes/route-15.pdf
 015,35,15,http://www.gohrt.com/routes/route-15.pdf
 018,36,18,http://www.gohrt.com/routes/route-18.pdf
 018,37,18,http://www.gohrt.com/routes/route-18.pdf
 020,38,20,http://www.gohrt.com/routes/route-20.pdf
 020,39,20,http://www.gohrt.com/routes/route-20.pdf
 021,40,21,http://www.gohrt.com/routes/route-21.pdf
 021,41,21,http://www.gohrt.com/routes/route-21.pdf
 021,42,21,http://www.gohrt.com/routes/route-21.pdf
 022,43,22,http://www.gohrt.com/routes/route-22.pdf
 022,44,22,http://www.gohrt.com/routes/route-22.pdf
 023,45,23,http://www.gohrt.com/routes/route-23.pdf
 023,46,23,http://www.gohrt.com/routes/route-23.pdf
 025,47,25,http://www.gohrt.com/routes/route-25.pdf
 025,48,25,http://www.gohrt.com/routes/route-25.pdf
 026,49,26,http://www.gohrt.com/routes/route-26.pdf
 026,50,26,http://www.gohrt.com/routes/route-26.pdf
 026,51,26,http://www.gohrt.com/routes/route-26.pdf
 026,52,26,http://www.gohrt.com/routes/route-26.pdf
 026,53,26,http://www.gohrt.com/routes/route-26.pdf
 026,54,26,http://www.gohrt.com/routes/route-26.pdf
 027,55,27,http://www.gohrt.com/routes/route-27.pdf
 027,56,27,http://www.gohrt.com/routes/route-27.pdf
 029,57,29,http://www.gohrt.com/routes/route-29.pdf
 029,58,29,http://www.gohrt.com/routes/route-29.pdf
 030,59,30,http://www.gohrt.com/services/vb-wave
 030,60,30,http://www.gohrt.com/services/vb-wave
 031,61,31,http://www.gohrt.com/services/vb-wave
 031,62,31,http://www.gohrt.com/services/vb-wave
 031,63,31,http://www.gohrt.com/services/vb-wave
 031,64,31,http://www.gohrt.com/services/vb-wave
 032,65,32,http://www.gohrt.com/services/vb-wave
 032,66,32,http://www.gohrt.com/services/vb-wave
 033,67,33,http://www.gohrt.com/routes/route-33.pdf
 033,68,33,http://www.gohrt.com/routes/route-33.pdf
 034,69,34,http://www.gohrt.com/routes/route-34.pdf
 034,70,34,http://www.gohrt.com/routes/route-34.pdf
 034,71,34,http://www.gohrt.com/routes/route-34.pdf
 036,72,36,http://www.gohrt.com/routes/route-36.pdf
 036,73,36,http://www.gohrt.com/routes/route-36.pdf
 041,74,41,http://www.gohrt.com/routes/route-41.pdf
 041,75,41,http://www.gohrt.com/routes/route-41.pdf
 041,76,41,http://www.gohrt.com/routes/route-41.pdf
 043,77,43,http://www.gohrt.com/routes/route-43.pdf
 043,78,43,http://www.gohrt.com/routes/route-43.pdf
 044,79,44,http://www.gohrt.com/routes/route-44.pdf
 044,80,44,http://www.gohrt.com/routes/route-44.pdf
 044,81,44,http://www.gohrt.com/routes/route-44.pdf
 044,82,44,http://www.gohrt.com/routes/route-44.pdf
 045,83,45,http://www.gohrt.com/routes/route-45.pdf
 045,84,45,http://www.gohrt.com/routes/route-45.pdf
 045,85,45,http://www.gohrt.com/routes/route-45.pdf
 045,86,45,http://www.gohrt.com/routes/route-45.pdf
 045,87,45,http://www.gohrt.com/routes/route-45.pdf
 047,88,47,http://www.gohrt.com/routes/route-47.pdf
 047,89,47,http://www.gohrt.com/routes/route-47.pdf
 047,90,47,http://www.gohrt.com/routes/route-47.pdf
 047,91,47,http://www.gohrt.com/routes/route-47.pdf
 050,92,50,http://www.gohrt.com/routes/route-50.pdf
 050,93,50,http://www.gohrt.com/routes/route-50.pdf
 057,94,57,http://www.gohrt.com/routes/route-57.pdf
 057,95,57,http://www.gohrt.com/routes/route-57.pdf
 058,96,58,http://www.gohrt.com/routes/route-58.pdf
 058,97,58,http://www.gohrt.com/routes/route-58.pdf
 064,98,64,http://www.gohrt.com/routes/route-64.pdf
 064,99,64,http://www.gohrt.com/routes/route-64.pdf
 064,100,64,http://www.gohrt.com/routes/route-64.pdf
 064,101,64,http://www.gohrt.com/routes/route-64.pdf
 090,102,90,http://www.gohrt.com/routes/route-90.pdf
 101,103,101,http://www.gohrt.com/routes/route-101.pdf
 101,104,101,http://www.gohrt.com/routes/route-101.pdf
 101,105,101,http://www.gohrt.com/routes/route-101.pdf
 102,106,102,http://www.gohrt.com/routes/route-102.pdf
 102,107,102,http://www.gohrt.com/routes/route-102.pdf
 103,108,103,http://www.gohrt.com/routes/route-103.pdf
 103,109,103,http://www.gohrt.com/routes/route-103.pdf
 103,110,103,http://www.gohrt.com/routes/route-103.pdf
 104,111,104,http://www.gohrt.com/routes/route-104.pdf
 104,112,104,http://www.gohrt.com/routes/route-104.pdf
 104,113,104,http://www.gohrt.com/routes/route-104.pdf
 104,114,104,http://www.gohrt.com/routes/route-104.pdf
 104,115,104,http://www.gohrt.com/routes/route-104.pdf
 104,116,104,http://www.gohrt.com/routes/route-104.pdf
 105,117,105,http://www.gohrt.com/routes/route-105.pdf
 105,118,105,http://www.gohrt.com/routes/route-105.pdf
 105,119,105,http://www.gohrt.com/routes/route-105.pdf
 105,120,105,http://www.gohrt.com/routes/route-105.pdf
 105,121,105,http://www.gohrt.com/routes/route-105.pdf
 106,122,106,http://www.gohrt.com/routes/route-106.pdf
 106,123,106,http://www.gohrt.com/routes/route-106.pdf
 106,124,106,http://www.gohrt.com/routes/route-106.pdf
 106,125,106,http://www.gohrt.com/routes/route-106.pdf
 106,126,106,http://www.gohrt.com/routes/route-106.pdf
 107,127,107,http://www.gohrt.com/routes/route-107.pdf
 107,128,107,http://www.gohrt.com/routes/route-107.pdf
 107,129,107,http://www.gohrt.com/routes/route-107.pdf
 107,130,107,http://www.gohrt.com/routes/route-107.pdf
 109,133,109,http://www.gohrt.com/routes/route-109.pdf
 109,134,109,http://www.gohrt.com/routes/route-109.pdf
 110,135,110,http://www.gohrt.com/routes/route-110.pdf
 110,136,110,http://www.gohrt.com/routes/route-110.pdf
 110,137,110,http://www.gohrt.com/routes/route-110.pdf
 112,143,112,http://www.gohrt.com/routes/route-112.pdf
 112,144,112,http://www.gohrt.com/routes/route-112.pdf
 112,145,112,http://www.gohrt.com/routes/route-112.pdf
 112,146,112,http://www.gohrt.com/routes/route-112.pdf
 114,147,114,http://www.gohrt.com/routes/route-114.pdf
 114,148,114,http://www.gohrt.com/routes/route-114.pdf
 115,149,115,http://www.gohrt.com/routes/route-115.pdf
 115,150,115,http://www.gohrt.com/routes/route-115.pdf
 117,153,117,http://www.gohrt.com/routes/route-117.pdf
 117,154,117,http://www.gohrt.com/routes/route-117.pdf
 118,155,118,http://www.gohrt.com/routes/route-118.pdf
 118,156,118,http://www.gohrt.com/routes/route-118.pdf
 120,159,120,http://www.gohrt.com/routes/route-120.pdf
 120,160,120,http://www.gohrt.com/routes/route-120.pdf
 121,161,121,http://www.gohrt.com/routes/route-121.pdf
 121,162,121,http://www.gohrt.com/routes/route-121.pdf
 403,165,403,http://www.gohrt.com/routes/route-403.pdf
 405,166,405,http://www.gohrt.com/routes/route-405.pdf
 405,167,405,http://www.gohrt.com/routes/route-405.pdf
 412,168,412,http://www.gohrt.com/routes/route-412.pdf
 412,169,412,http://www.gohrt.com/routes/route-412.pdf
 414,170,414,http://www.gohrt.com/routes/route-414.pdf
 414,171,414,http://www.gohrt.com/routes/route-414.pdf
 415,172,415,http://www.gohrt.com/routes/route-415.pdf
 427,173,427,http://www.gohrt.com/routes/route-427.pdf
 430,174,430,http://www.gohrt.com/routes/route-430.pdf
 430,175,430,http://www.gohrt.com/routes/route-430.pdf
 800,176,800,http://www.gohrt.com/routes/route-800.pdf
 800,177,800,http://www.gohrt.com/routes/route-800.pdf
 800,178,800,http://www.gohrt.com/routes/route-800.pdf
 800,179,800,http://www.gohrt.com/routes/route-800.pdf
 918,180,918,http://www.gohrt.com/routes/route-918.pdf
 918,181,918,http://www.gohrt.com/routes/route-918.pdf
 919,182,919,http://www.gohrt.com/routes/route-919.pdf
 919,183,919,http://www.gohrt.com/routes/route-919.pdf
 919,184,919,http://www.gohrt.com/routes/route-919.pdf
 919,185,919,http://www.gohrt.com/routes/route-919.pdf
 922,186,922,http://www.gohrt.com/routes/route-922.pdf
 922,187,922,http://www.gohrt.com/routes/route-922.pdf
 922,188,922,http://www.gohrt.com/routes/route-922.pdf
 922,189,922,http://www.gohrt.com/routes/route-922.pdf
 960,190,960,http://www.gohrt.com/routes/route-960.pdf
 960,191,960,http://www.gohrt.com/routes/route-960.pdf
 960,192,960,http://www.gohrt.com/routes/route-960.pdf
 960,193,960,http://www.gohrt.com/routes/route-960.pdf
 961,194,961,http://www.gohrt.com/routes/route-961.pdf
 961,195,961,http://www.gohrt.com/routes/route-961.pdf
 961,196,961,http://www.gohrt.com/routes/route-961.pdf
 961,197,961,http://www.gohrt.com/routes/route-961.pdf
 961,198,961,http://www.gohrt.com/routes/route-961.pdf
 961,199,961,http://www.gohrt.com/routes/route-961.pdf
 961,200,961,http://www.gohrt.com/routes/route-961.pdf
 965,201,965,http://www.gohrt.com/routes/route-965.pdf
 965,202,965,http://www.gohrt.com/routes/route-965.pdf
 967,203,967,http://www.gohrt.com/routes/route-967.pdf
 967,204,967,http://www.gohrt.com/routes/route-967.pdf
 967,205,967,http://www.gohrt.com/routes/route-967.pdf
 967,206,967,http://www.gohrt.com/routes/route-967.pdf
